Workbook

Sheet Professor
B2: Curso de Excel do Básico ao Avançado
B5: Professor: | D5: Clevison Santos
B6: Aula: | D6: ÍNDICE / INDEX
B7: Aula: | D7: LIN / ROW
B8: Aula: | D8: MENOR / SMALL
A13: Cliente | B13: Iasmin
A16: Cliente | B16: Produto | C16: Valor
A17: {=IFERROR(INDEX(Dados!$A:$C,SMALL(IF(Dados!$A:$A=Professor!$B$13,ROW(Dados!$A:$A)),ROW(A1)),1),"")} -> Iasmin | B17: {=IFERROR(INDEX(Dados!$A:$C,SMALL(IF(Dados!$A:$A=Professor!$B$13,ROW(Dados!$A:$A)),ROW(B1)),2),"")} -> Bolsa de Trabalho | C17: {=IFERROR(INDEX(Dados!$A:$C,SMALL(IF(Dados!$A:$A=Professor!$B$13,ROW(Dados!$A:$A)),ROW(C1)),3),"")} -> 55.9
A18: {=IFERROR(INDEX(Dados!$A:$C,SMALL(IF(Dados!$A:$A=Professor!$B$13,ROW(Dados!$A:$A)),ROW(A2)),1),"")} -> Iasmin | B18: {=IFERROR(INDEX(Dados!$A:$C,SMALL(IF(Dados!$A:$A=Professor!$B$13,ROW(Dados!$A:$A)),ROW(B2)),2),"")} -> Kit de Pinceis de Maquiagem | C18: {=IFERROR(INDEX(Dados!$A:$C,SMALL(IF(Dados!$A:$A=Professor!$B$13,ROW(Dados!$A:$A)),ROW(C2)),3),"")} -> 59.9
A19: {=IFERROR(INDEX(Dados!$A:$C,SMALL(IF(Dados!$A:$A=Professor!$B$13,ROW(Dados!$A:$A)),ROW(A3)),1),"")} -> Iasmin | B19: {=IFERROR(INDEX(Dados!$A:$C,SMALL(IF(Dados!$A:$A=Professor!$B$13,ROW(Dados!$A:$A)),ROW(B3)),2),"")} -> Vestido Infantil | C19: {=IFERROR(INDEX(Dados!$A:$C,SMALL(IF(Dados!$A:$A=Professor!$B$13,ROW(Dados!$A:$A)),ROW(C3)),3),"")} -> 148.56
A20: {=IFERROR(INDEX(Dados!$A:$C,SMALL(IF(Dados!$A:$A=Professor!$B$13,ROW(Dados!$A:$A)),ROW(A4)),1),"")} -> Iasmin | B20: {=IFERROR(INDEX(Dados!$A:$C,SMALL(IF(Dados!$A:$A=Professor!$B$13,ROW(Dados!$A:$A)),ROW(B4)),2),"")} -> Camisa Masculina | C20: {=IFERROR(INDEX(Dados!$A:$C,SMALL(IF(Dados!$A:$A=Professor!$B$13,ROW(Dados!$A:$A)),ROW(C4)),3),"")} -> 224.14
A21: {=IFERROR(INDEX(Dados!$A:$C,SMALL(IF(Dados!$A:$A=Professor!$B$13,ROW(Dados!$A:$A)),ROW(A5)),1),"")} | B21: {=IFERROR(INDEX(Dados!$A:$C,SMALL(IF(Dados!$A:$A=Professor!$B$13,ROW(Dados!$A:$A)),ROW(B5)),2),"")} | C21: {=IFERROR(INDEX(Dados!$A:$C,SMALL(IF(Dados!$A:$A=Professor!$B$13,ROW(Dados!$A:$A)),ROW(C5)),3),"")}
A22: {=IFERROR(INDEX(Dados!$A:$C,SMALL(IF(Dados!$A:$A=Professor!$B$13,ROW(Dados!$A:$A)),ROW(A6)),1),"")} | B22: {=IFERROR(INDEX(Dados!$A:$C,SMALL(IF(Dados!$A:$A=Professor!$B$13,ROW(Dados!$A:$A)),ROW(B6)),2),"")} | C22: {=IFERROR(INDEX(Dados!$A:$C,SMALL(IF(Dados!$A:$A=Professor!$B$13,ROW(Dados!$A:$A)),ROW(C6)),3),"")}
A23: {=IFERROR(INDEX(Dados!$A:$C,SMALL(IF(Dados!$A:$A=Professor!$B$13,ROW(Dados!$A:$A)),ROW(A7)),1),"")} | B23: {=IFERROR(INDEX(Dados!$A:$C,SMALL(IF(Dados!$A:$A=Professor!$B$13,ROW(Dados!$A:$A)),ROW(B7)),2),"")} | C23: {=IFERROR(INDEX(Dados!$A:$C,SMALL(IF(Dados!$A:$A=Professor!$B$13,ROW(Dados!$A:$A)),ROW(C7)),3),"")}
A24: {=IFERROR(INDEX(Dados!$A:$C,SMALL(IF(Dados!$A:$A=Professor!$B$13,ROW(Dados!$A:$A)),ROW(A8)),1),"")} | B24: {=IFERROR(INDEX(Dados!$A:$C,SMALL(IF(Dados!$A:$A=Professor!$B$13,ROW(Dados!$A:$A)),ROW(B8)),2),"")} | C24: {=IFERROR(INDEX(Dados!$A:$C,SMALL(IF(Dados!$A:$A=Professor!$B$13,ROW(Dados!$A:$A)),ROW(C8)),3),"")}
A25: {=IFERROR(INDEX(Dados!$A:$C,SMALL(IF(Dados!$A:$A=Professor!$B$13,ROW(Dados!$A:$A)),ROW(A9)),1),"")} | B25: {=IFERROR(INDEX(Dados!$A:$C,SMALL(IF(Dados!$A:$A=Professor!$B$13,ROW(Dados!$A:$A)),ROW(B9)),2),"")} | C25: {=IFERROR(INDEX(Dados!$A:$C,SMALL(IF(Dados!$A:$A=Professor!$B$13,ROW(Dados!$A:$A)),ROW(C9)),3),"")}
A26: {=IFERROR(INDEX(Dados!$A:$C,SMALL(IF(Dados!$A:$A=Professor!$B$13,ROW(Dados!$A:$A)),ROW(A10)),1),"")} | B26: {=IFERROR(INDEX(Dados!$A:$C,SMALL(IF(Dados!$A:$A=Professor!$B$13,ROW(Dados!$A:$A)),ROW(B10)),2),"")} | C26: {=IFERROR(INDEX(Dados!$A:$C,SMALL(IF(Dados!$A:$A=Professor!$B$13,ROW(Dados!$A:$A)),ROW(C10)),3),"")}

Sheet Aluno
B2: Curso de Excel do Básico ao Avançado
B5: Professor: | D5: Clevison Santos
B6: Aula: | D6: ÍNDICE / INDEX
B7: Aula: | D7: LIN / ROW
B8: Aula: | D8: MENOR / SMALL
A13: Cliente | B13: Fran
A16: Cliente | B16: Produto | C16: Valor
A17: {=IFERROR(INDEX(Dados!$A:$C,SMALL(IF(Dados!$A:$A=Aluno!$B$13,ROW(Dados!$A:$A)),ROW(A1)),COLUMN(A1)),"")} -> Fran | B17: {=IFERROR(INDEX(Dados!$A:$C,SMALL(IF(Dados!$A:$A=Aluno!$B$13,ROW(Dados!$A:$A)),ROW(B1)),COLUMN(B1)),"")} -> Jóias | C17: {=IFERROR(INDEX(Dados!$A:$C,SMALL(IF(Dados!$A:$A=Aluno!$B$13,ROW(Dados!$A:$A)),ROW(C1)),COLUMN(C1)),"")} -> 900
A18: {=IFERROR(INDEX(Dados!$A:$C,SMALL(IF(Dados!$A:$A=Aluno!$B$13,ROW(Dados!$A:$A)),ROW(A2)),COLUMN(A2)),"")} | B18: {=IFERROR(INDEX(Dados!$A:$C,SMALL(IF(Dados!$A:$A=Aluno!$B$13,ROW(Dados!$A:$A)),ROW(B2)),COLUMN(B2)),"")} | C18: {=IFERROR(INDEX(Dados!$A:$C,SMALL(IF(Dados!$A:$A=Aluno!$B$13,ROW(Dados!$A:$A)),ROW(C2)),COLUMN(C2)),"")}
A19: {=IFERROR(INDEX(Dados!$A:$C,SMALL(IF(Dados!$A:$A=Aluno!$B$13,ROW(Dados!$A:$A)),ROW(A3)),COLUMN(A3)),"")} | B19: {=IFERROR(INDEX(Dados!$A:$C,SMALL(IF(Dados!$A:$A=Aluno!$B$13,ROW(Dados!$A:$A)),ROW(B3)),COLUMN(B3)),"")} | C19: {=IFERROR(INDEX(Dados!$A:$C,SMALL(IF(Dados!$A:$A=Aluno!$B$13,ROW(Dados!$A:$A)),ROW(C3)),COLUMN(C3)),"")}
A20: {=IFERROR(INDEX(Dados!$A:$C,SMALL(IF(Dados!$A:$A=Aluno!$B$13,ROW(Dados!$A:$A)),ROW(A4)),COLUMN(A4)),"")} | B20: {=IFERROR(INDEX(Dados!$A:$C,SMALL(IF(Dados!$A:$A=Aluno!$B$13,ROW(Dados!$A:$A)),ROW(B4)),COLUMN(B4)),"")} | C20: {=IFERROR(INDEX(Dados!$A:$C,SMALL(IF(Dados!$A:$A=Aluno!$B$13,ROW(Dados!$A:$A)),ROW(C4)),COLUMN(C4)),"")}
A21: {=IFERROR(INDEX(Dados!$A:$C,SMALL(IF(Dados!$A:$A=Aluno!$B$13,ROW(Dados!$A:$A)),ROW(A5)),COLUMN(A5)),"")} | B21: {=IFERROR(INDEX(Dados!$A:$C,SMALL(IF(Dados!$A:$A=Aluno!$B$13,ROW(Dados!$A:$A)),ROW(B5)),COLUMN(B5)),"")} | C21: {=IFERROR(INDEX(Dados!$A:$C,SMALL(IF(Dados!$A:$A=Aluno!$B$13,ROW(Dados!$A:$A)),ROW(C5)),COLUMN(C5)),"")}
A22: {=IFERROR(INDEX(Dados!$A:$C,SMALL(IF(Dados!$A:$A=Aluno!$B$13,ROW(Dados!$A:$A)),ROW(A6)),COLUMN(A6)),"")} | B22: {=IFERROR(INDEX(Dados!$A:$C,SMALL(IF(Dados!$A:$A=Aluno!$B$13,ROW(Dados!$A:$A)),ROW(B6)),COLUMN(B6)),"")} | C22: {=IFERROR(INDEX(Dados!$A:$C,SMALL(IF(Dados!$A:$A=Aluno!$B$13,ROW(Dados!$A:$A)),ROW(C6)),COLUMN(C6)),"")}
A23: {=IFERROR(INDEX(Dados!$A:$C,SMALL(IF(Dados!$A:$A=Aluno!$B$13,ROW(Dados!$A:$A)),ROW(A7)),COLUMN(A7)),"")} | B23: {=IFERROR(INDEX(Dados!$A:$C,SMALL(IF(Dados!$A:$A=Aluno!$B$13,ROW(Dados!$A:$A)),ROW(B7)),COLUMN(B7)),"")} | C23: {=IFERROR(INDEX(Dados!$A:$C,SMALL(IF(Dados!$A:$A=Aluno!$B$13,ROW(Dados!$A:$A)),ROW(C7)),COLUMN(C7)),"")}
A24: {=IFERROR(INDEX(Dados!$A:$C,SMALL(IF(Dados!$A:$A=Aluno!$B$13,ROW(Dados!$A:$A)),ROW(A8)),1),"")} | B24: {=IFERROR(INDEX(Dados!$A$2:$C$17,SMALL(IF(Dados!$A:$A=Aluno!$B$13,ROW(Dados!$A:$A)),ROW(B8)),COLUMN(B8)),"")} | C24: {=IFERROR(INDEX(Dados!$A$2:$C$17,SMALL(IF(Dados!$A:$A=Aluno!$B$13,ROW(Dados!$A:$A)),ROW(C8)),COLUMN(C8)),"")}
A25: {=IFERROR(INDEX(Dados!$A:$C,SMALL(IF(Dados!$A:$A=Aluno!$B$13,ROW(Dados!$A:$A)),ROW(A9)),1),"")} | B25: {=IFERROR(INDEX(Dados!$A$2:$C$17,SMALL(IF(Dados!$A:$A=Aluno!$B$13,ROW(Dados!$A:$A)),ROW(B9)),COLUMN(B9)),"")} | C25: {=IFERROR(INDEX(Dados!$A$2:$C$17,SMALL(IF(Dados!$A:$A=Aluno!$B$13,ROW(Dados!$A:$A)),ROW(C9)),COLUMN(C9)),"")}
A26: {=IFERROR(INDEX(Dados!$A:$C,SMALL(IF(Dados!$A:$A=Aluno!$B$13,ROW(Dados!$A:$A)),ROW(A10)),1),"")} | B26: {=IFERROR(INDEX(Dados!$A$2:$C$17,SMALL(IF(Dados!$A:$A=Aluno!$B$13,ROW(Dados!$A:$A)),ROW(B10)),COLUMN(B10)),"")} | C26: {=IFERROR(INDEX(Dados!$A$2:$C$17,SMALL(IF(Dados!$A:$A=Aluno!$B$13,ROW(Dados!$A:$A)),ROW(C10)),COLUMN(C10)),"")}

Sheet Dados
A1: Cliente | B1: Produto | C1: Valor
A2: Ana | B2: Tênis Feminino | C2: 41.9
A3: Ana | B3: Calça Feminina Jogger | C3: 69.99
A4: Ana | B4: Sapato Social | C4: 81.9
A5: Ana | B5: Bermuda Masculino | C5: 89.99
A6: Ana | B6: Camisa Masculina Festa Balada | C6: 116.52
A7: Ana | B7: Bota Masculina | C7: 146.14
A8: Ana | B8: Jaqueta Masculina Preta | C8: 248.73
A9: Iasmin | B9: Bolsa de Trabalho | C9: 55.9
A10: Iasmin | B10: Kit de Pinceis de Maquiagem | C10: 59.9
A11: Iasmin | B11: Vestido Infantil | C11: 148.56
A12: Iasmin | B12: Camisa Masculina | C12: 224.14
A13: Pedro | B13: Camisa Térmica | C13: 46.9
... A17: Fran | B17: Jóias | C17: 900
