Workbook

Sheet Professor
A1: Cliente | B1: Produto | C1: Valor
A2: {=IFERROR(INDEX(Dados!$A:$C,SMALL(IF(Dados!$A:$A="Ana",ROW(Dados!$A:$A)),ROW(A1)),1),"")} -> Ana | B2: {=IFERROR(INDEX(Dados!$A:$C,SMALL(IF(Dados!$A:$A="Ana",ROW(Dados!$A:$A)),ROW(B1)),2),"")} -> Tênis Feminino | C2: {=IFERROR(INDEX(Dados!$A:$C,SMALL(IF(Dados!$A:$A="Ana",ROW(Dados!$A:$A)),ROW(C1)),3),"")} -> 41.9
A3: {=IFERROR(INDEX(Dados!$A:$C,SMALL(IF(Dados!$A:$A="Ana",ROW(Dados!$A:$A)),ROW(A2)),1),"")} -> Ana | B3: {=IFERROR(INDEX(Dados!$A:$C,SMALL(IF(Dados!$A:$A="Ana",ROW(Dados!$A:$A)),ROW(B2)),2),"")} -> Calça Feminina Jogger | C3: {=IFERROR(INDEX(Dados!$A:$C,SMALL(IF(Dados!$A:$A="Ana",ROW(Dados!$A:$A)),ROW(C2)),3),"")} -> 69.99
A4: {=IFERROR(INDEX(Dados!$A:$C,SMALL(IF(Dados!$A:$A="Ana",ROW(Dados!$A:$A)),ROW(A3)),1),"")} -> Ana | B4: {=IFERROR(INDEX(Dados!$A:$C,SMALL(IF(Dados!$A:$A="Ana",ROW(Dados!$A:$A)),ROW(B3)),2),"")} -> Sapato Social | C4: {=IFERROR(INDEX(Dados!$A:$C,SMALL(IF(Dados!$A:$A="Ana",ROW(Dados!$A:$A)),ROW(C3)),3),"")} -> 81.9
A5: {=IFERROR(INDEX(Dados!$A:$C,SMALL(IF(Dados!$A:$A="Ana",ROW(Dados!$A:$A)),ROW(A4)),1),"")} -> Ana | B5: {=IFERROR(INDEX(Dados!$A:$C,SMALL(IF(Dados!$A:$A="Ana",ROW(Dados!$A:$A)),ROW(B4)),2),"")} -> Bermuda Masculino | C5: {=IFERROR(INDEX(Dados!$A:$C,SMALL(IF(Dados!$A:$A="Ana",ROW(Dados!$A:$A)),ROW(C4)),3),"")} -> 89.99
A6: {=IFERROR(INDEX(Dados!$A:$C,SMALL(IF(Dados!$A:$A="Ana",ROW(Dados!$A:$A)),ROW(A5)),1),"")} -> Ana | B6: {=IFERROR(INDEX(Dados!$A:$C,SMALL(IF(Dados!$A:$A="Ana",ROW(Dados!$A:$A)),ROW(B5)),2),"")} -> Camisa Masculina Festa Balada | C6: {=IFERROR(INDEX(Dados!$A:$C,SMALL(IF(Dados!$A:$A="Ana",ROW(Dados!$A:$A)),ROW(C5)),3),"")} -> 116.52
A7: {=IFERROR(INDEX(Dados!$A:$C,SMALL(IF(Dados!$A:$A="Ana",ROW(Dados!$A:$A)),ROW(A6)),1),"")} -> Ana | B7: {=IFERROR(INDEX(Dados!$A:$C,SMALL(IF(Dados!$A:$A="Ana",ROW(Dados!$A:$A)),ROW(B6)),2),"")} -> Bota Masculina | C7: {=IFERROR(INDEX(Dados!$A:$C,SMALL(IF(Dados!$A:$A="Ana",ROW(Dados!$A:$A)),ROW(C6)),3),"")} -> 146.14
A8: {=IFERROR(INDEX(Dados!$A:$C,SMALL(IF(Dados!$A:$A="Ana",ROW(Dados!$A:$A)),ROW(A7)),1),"")} -> Ana | B8: {=IFERROR(INDEX(Dados!$A:$C,SMALL(IF(Dados!$A:$A="Ana",ROW(Dados!$A:$A)),ROW(B7)),2),"")} -> Jaqueta Masculina Preta | C8: {=IFERROR(INDEX(Dados!$A:$C,SMALL(IF(Dados!$A:$A="Ana",ROW(Dados!$A:$A)),ROW(C7)),3),"")} -> 248.73
A9: {=IFERROR(INDEX(Dados!$A:$C,SMALL(IF(Dados!$A:$A="Ana",ROW(Dados!$A:$A)),ROW(A8)),1),"")} | B9: {=IFERROR(INDEX(Dados!$A:$C,SMALL(IF(Dados!$A:$A="Ana",ROW(Dados!$A:$A)),ROW(B8)),2),"")} | C9: {=IFERROR(INDEX(Dados!$A:$C,SMALL(IF(Dados!$A:$A="Ana",ROW(Dados!$A:$A)),ROW(C8)),3),"")}
A10: {=IFERROR(INDEX(Dados!$A:$C,SMALL(IF(Dados!$A:$A="Ana",ROW(Dados!$A:$A)),ROW(A9)),1),"")} | B10: {=IFERROR(INDEX(Dados!$A:$C,SMALL(IF(Dados!$A:$A="Ana",ROW(Dados!$A:$A)),ROW(B9)),2),"")} | C10: {=IFERROR(INDEX(Dados!$A:$C,SMALL(IF(Dados!$A:$A="Ana",ROW(Dados!$A:$A)),ROW(C9)),3),"")}
A11: {=IFERROR(INDEX(Dados!$A:$C,SMALL(IF(Dados!$A:$A="Ana",ROW(Dados!$A:$A)),ROW(A10)),1),"")} | B11: {=IFERROR(INDEX(Dados!$A:$C,SMALL(IF(Dados!$A:$A="Ana",ROW(Dados!$A:$A)),ROW(B10)),2),"")} | C11: {=IFERROR(INDEX(Dados!$A:$C,SMALL(IF(Dados!$A:$A="Ana",ROW(Dados!$A:$A)),ROW(C10)),3),"")}

Sheet Fran
A1: Cliente | B1: Produto | C1: Valor
A2: {=IFERROR(INDEX(Dados!$A:$C,SMALL(IF(Dados!$A:$A="Fran",ROW(Dados!$A:$A)),ROW(A1)),1),"")} -> Fran | B2: {=IFERROR(INDEX(Dados!$A:$C,SMALL(IF(Dados!$A:$A="Fran",ROW(Dados!$A:$A)),ROW(B1)),2),"")} -> Jóias | C2: {=IFERROR(INDEX(Dados!$A:$C,SMALL(IF(Dados!$A:$A="Fran",ROW(Dados!$A:$A)),ROW(C1)),3),"")} -> 900
A3: {=IFERROR(INDEX(Dados!$A:$C,SMALL(IF(Dados!$A:$A="Fran",ROW(Dados!$A:$A)),ROW(A2)),1),"")} -> Fran | B3: {=IFERROR(INDEX(Dados!$A:$C,SMALL(IF(Dados!$A:$A="Fran",ROW(Dados!$A:$A)),ROW(B2)),2),"")} -> Sapato | C3: {=IFERROR(INDEX(Dados!$A:$C,SMALL(IF(Dados!$A:$A="Fran",ROW(Dados!$A:$A)),ROW(C2)),3),"")} -> 300
A4: {=IFERROR(INDEX(Dados!$A:$C,SMALL(IF(Dados!$A:$A="Fran",ROW(Dados!$A:$A)),ROW(A3)),1),"")} | B4: {=IFERROR(INDEX(Dados!$A:$C,SMALL(IF(Dados!$A:$A="Fran",ROW(Dados!$A:$A)),ROW(B3)),2),"")} | C4: {=IFERROR(INDEX(Dados!$A:$C,SMALL(IF(Dados!$A:$A="Fran",ROW(Dados!$A:$A)),ROW(C3)),3),"")}
A5: {=IFERROR(INDEX(Dados!$A:$C,SMALL(IF(Dados!$A:$A="Fran",ROW(Dados!$A:$A)),ROW(A4)),1),"")} | B5: {=IFERROR(INDEX(Dados!$A:$C,SMALL(IF(Dados!$A:$A="Fran",ROW(Dados!$A:$A)),ROW(B4)),2),"")} | C5: {=IFERROR(INDEX(Dados!$A:$C,SMALL(IF(Dados!$A:$A="Fran",ROW(Dados!$A:$A)),ROW(C4)),3),"")}
A6: {=IFERROR(INDEX(Dados!$A:$C,SMALL(IF(Dados!$A:$A="Fran",ROW(Dados!$A:$A)),ROW(A5)),1),"")} | B6: {=IFERROR(INDEX(Dados!$A:$C,SMALL(IF(Dados!$A:$A="Fran",ROW(Dados!$A:$A)),ROW(B5)),2),"")} | C6: {=IFERROR(INDEX(Dados!$A:$C,SMALL(IF(Dados!$A:$A="Fran",ROW(Dados!$A:$A)),ROW(C5)),3),"")}
A7: {=IFERROR(INDEX(Dados!$A:$C,SMALL(IF(Dados!$A:$A="Fran",ROW(Dados!$A:$A)),ROW(A6)),1),"")} | B7: {=IFERROR(INDEX(Dados!$A:$C,SMALL(IF(Dados!$A:$A="Fran",ROW(Dados!$A:$A)),ROW(B6)),2),"")} | C7: {=IFERROR(INDEX(Dados!$A:$C,SMALL(IF(Dados!$A:$A="Fran",ROW(Dados!$A:$A)),ROW(C6)),3),"")}
A8: {=IFERROR(INDEX(Dados!$A:$C,SMALL(IF(Dados!$A:$A="Fran",ROW(Dados!$A:$A)),ROW(A7)),1),"")} | B8: {=IFERROR(INDEX(Dados!$A:$C,SMALL(IF(Dados!$A:$A="Fran",ROW(Dados!$A:$A)),ROW(B7)),2),"")} | C8: {=IFERROR(INDEX(Dados!$A:$C,SMALL(IF(Dados!$A:$A="Fran",ROW(Dados!$A:$A)),ROW(C7)),3),"")}
A9: {=IFERROR(INDEX(Dados!$A:$C,SMALL(IF(Dados!$A:$A="Fran",ROW(Dados!$A:$A)),ROW(A8)),1),"")} | B9: {=IFERROR(INDEX(Dados!$A:$C,SMALL(IF(Dados!$A:$A="Fran",ROW(Dados!$A:$A)),ROW(B8)),2),"")} | C9: {=IFERROR(INDEX(Dados!$A:$C,SMALL(IF(Dados!$A:$A="Fran",ROW(Dados!$A:$A)),ROW(C8)),3),"")}
A10: {=IFERROR(INDEX(Dados!$A:$C,SMALL(IF(Dados!$A:$A="Fran",ROW(Dados!$A:$A)),ROW(A9)),1),"")} | B10: {=IFERROR(INDEX(Dados!$A:$C,SMALL(IF(Dados!$A:$A="Fran",ROW(Dados!$A:$A)),ROW(B9)),2),"")} | C10: {=IFERROR(INDEX(Dados!$A:$C,SMALL(IF(Dados!$A:$A="Fran",ROW(Dados!$A:$A)),ROW(C9)),3),"")}
A11: {=IFERROR(INDEX(Dados!$A:$C,SMALL(IF(Dados!$A:$A="Fran",ROW(Dados!$A:$A)),ROW(A10)),1),"")} | B11: {=IFERROR(INDEX(Dados!$A:$C,SMALL(IF(Dados!$A:$A="Fran",ROW(Dados!$A:$A)),ROW(B10)),2),"")} | C11: {=IFERROR(INDEX(Dados!$A:$C,SMALL(IF(Dados!$A:$A="Fran",ROW(Dados!$A:$A)),ROW(C10)),3),"")}

Sheet Pedro
A1: Cliente | B1: Produto | C1: Valor
A2: {=IFERROR(INDEX(Dados!$A:$C,SMALL(IF(Dados!$A:$A="Pedro",ROW(Dados!$A:$A)),ROW(A1)),1),"")} -> Pedro | B2: {=IFERROR(INDEX(Dados!$A:$C,SMALL(IF(Dados!$A:$A="Pedro",ROW(Dados!$A:$A)),ROW(B1)),2),"")} -> Camisa Térmica | C2: {=IFERROR(INDEX(Dados!$A:$C,SMALL(IF(Dados!$A:$A="Pedro",ROW(Dados!$A:$A)),ROW(C1)),3),"")} -> 46.9
A3: {=IFERROR(INDEX(Dados!$A:$C,SMALL(IF(Dados!$A:$A="Pedro",ROW(Dados!$A:$A)),ROW(A2)),1),"")} -> Pedro | B3: {=IFERROR(INDEX(Dados!$A:$C,SMALL(IF(Dados!$A:$A="Pedro",ROW(Dados!$A:$A)),ROW(B2)),2),"")} -> Sapato Social | C3: {=IFERROR(INDEX(Dados!$A:$C,SMALL(IF(Dados!$A:$A="Pedro",ROW(Dados!$A:$A)),ROW(C2)),3),"")} -> 89.9
A4: {=IFERROR(INDEX(Dados!$A:$C,SMALL(IF(Dados!$A:$A="Pedro",ROW(Dados!$A:$A)),ROW(A3)),1),"")} -> Pedro | B4: {=IFERROR(INDEX(Dados!$A:$C,SMALL(IF(Dados!$A:$A="Pedro",ROW(Dados!$A:$A)),ROW(B3)),2),"")} -> Sapatilha Sapato | C4: {=IFERROR(INDEX(Dados!$A:$C,SMALL(IF(Dados!$A:$A="Pedro",ROW(Dados!$A:$A)),ROW(C3)),3),"")} -> 150.5
A5: {=IFERROR(INDEX(Dados!$A:$C,SMALL(IF(Dados!$A:$A="Pedro",ROW(Dados!$A:$A)),ROW(A4)),1),"")} -> Pedro | B5: {=IFERROR(INDEX(Dados!$A:$C,SMALL(IF(Dados!$A:$A="Pedro",ROW(Dados!$A:$A)),ROW(B4)),2),"")} -> Colar Pingente | C5: {=IFERROR(INDEX(Dados!$A:$C,SMALL(IF(Dados!$A:$A="Pedro",ROW(Dados!$A:$A)),ROW(C4)),3),"")} -> 153.4
A6: {=IFERROR(INDEX(Dados!$A:$C,SMALL(IF(Dados!$A:$A="Pedro",ROW(Dados!$A:$A)),ROW(A5)),1),"")} | B6: {=IFERROR(INDEX(Dados!$A:$C,SMALL(IF(Dados!$A:$A="Pedro",ROW(Dados!$A:$A)),ROW(B5)),2),"")} | C6: {=IFERROR(INDEX(Dados!$A:$C,SMALL(IF(Dados!$A:$A="Pedro",ROW(Dados!$A:$A)),ROW(C5)),3),"")}
A7: {=IFERROR(INDEX(Dados!$A:$C,SMALL(IF(Dados!$A:$A="Pedro",ROW(Dados!$A:$A)),ROW(A6)),1),"")} | B7: {=IFERROR(INDEX(Dados!$A:$C,SMALL(IF(Dados!$A:$A="Pedro",ROW(Dados!$A:$A)),ROW(B6)),2),"")} | C7: {=IFERROR(INDEX(Dados!$A:$C,SMALL(IF(Dados!$A:$A="Pedro",ROW(Dados!$A:$A)),ROW(C6)),3),"")}
A8: {=IFERROR(INDEX(Dados!$A:$C,SMALL(IF(Dados!$A:$A="Pedro",ROW(Dados!$A:$A)),ROW(A7)),1),"")} | B8: {=IFERROR(INDEX(Dados!$A:$C,SMALL(IF(Dados!$A:$A="Pedro",ROW(Dados!$A:$A)),ROW(B7)),2),"")} | C8: {=IFERROR(INDEX(Dados!$A:$C,SMALL(IF(Dados!$A:$A="Pedro",ROW(Dados!$A:$A)),ROW(C7)),3),"")}
A9: {=IFERROR(INDEX(Dados!$A:$C,SMALL(IF(Dados!$A:$A="Pedro",ROW(Dados!$A:$A)),ROW(A8)),1),"")} | B9: {=IFERROR(INDEX(Dados!$A:$C,SMALL(IF(Dados!$A:$A="Pedro",ROW(Dados!$A:$A)),ROW(B8)),2),"")} | C9: {=IFERROR(INDEX(Dados!$A:$C,SMALL(IF(Dados!$A:$A="Pedro",ROW(Dados!$A:$A)),ROW(C8)),3),"")}
A10: {=IFERROR(INDEX(Dados!$A:$C,SMALL(IF(Dados!$A:$A="Pedro",ROW(Dados!$A:$A)),ROW(A9)),1),"")} | B10: {=IFERROR(INDEX(Dados!$A:$C,SMALL(IF(Dados!$A:$A="Pedro",ROW(Dados!$A:$A)),ROW(B9)),2),"")} | C10: {=IFERROR(INDEX(Dados!$A:$C,SMALL(IF(Dados!$A:$A="Pedro",ROW(Dados!$A:$A)),ROW(C9)),3),"")}
A11: {=IFERROR(INDEX(Dados!$A:$C,SMALL(IF(Dados!$A:$A="Pedro",ROW(Dados!$A:$A)),ROW(A10)),1),"")} | B11: {=IFERROR(INDEX(Dados!$A:$C,SMALL(IF(Dados!$A:$A="Pedro",ROW(Dados!$A:$A)),ROW(B10)),2),"")} | C11: {=IFERROR(INDEX(Dados!$A:$C,SMALL(IF(Dados!$A:$A="Pedro",ROW(Dados!$A:$A)),ROW(C10)),3),"")}

Sheet Iasmin
A1: Cliente | B1: Produto | C1: Valor
A2: {=IFERROR(INDEX(Dados!$A:$C,SMALL(IF(Dados!$A:$A="Iasmin",ROW(Dados!$A:$A)),ROW(A1)),1),"")} -> Iasmin | B2: {=IFERROR(INDEX(Dados!$A:$C,SMALL(IF(Dados!$A:$A="Iasmin",ROW(Dados!$A:$A)),ROW(B1)),2),"")} -> Bolsa de Trabalho | C2: {=IFERROR(INDEX(Dados!$A:$C,SMALL(IF(Dados!$A:$A="Iasmin",ROW(Dados!$A:$A)),ROW(C1)),3),"")} -> 55.9
A3: {=IFERROR(INDEX(Dados!$A:$C,SMALL(IF(Dados!$A:$A="Iasmin",ROW(Dados!$A:$A)),ROW(A2)),1),"")} -> Iasmin | B3: {=IFERROR(INDEX(Dados!$A:$C,SMALL(IF(Dados!$A:$A="Iasmin",ROW(Dados!$A:$A)),ROW(B2)),2),"")} -> Kit de Pinceis de Maquiagem | C3: {=IFERROR(INDEX(Dados!$A:$C,SMALL(IF(Dados!$A:$A="Iasmin",ROW(Dados!$A:$A)),ROW(C2)),3),"")} -> 59.9
A4: {=IFERROR(INDEX(Dados!$A:$C,SMALL(IF(Dados!$A:$A="Iasmin",ROW(Dados!$A:$A)),ROW(A3)),1),"")} -> Iasmin | B4: {=IFERROR(INDEX(Dados!$A:$C,SMALL(IF(Dados!$A:$A="Iasmin",ROW(Dados!$A:$A)),ROW(B3)),2),"")} -> Vestido Infantil | C4: {=IFERROR(INDEX(Dados!$A:$C,SMALL(IF(Dados!$A:$A="Iasmin",ROW(Dados!$A:$A)),ROW(C3)),3),"")} -> 148.56
A5: {=IFERROR(INDEX(Dados!$A:$C,SMALL(IF(Dados!$A:$A="Iasmin",ROW(Dados!$A:$A)),ROW(A4)),1),"")} -> Iasmin | B5: {=IFERROR(INDEX(Dados!$A:$C,SMALL(IF(Dados!$A:$A="Iasmin",ROW(Dados!$A:$A)),ROW(B4)),2),"")} -> Camisa Masculina | C5: {=IFERROR(INDEX(Dados!$A:$C,SMALL(IF(Dados!$A:$A="Iasmin",ROW(Dados!$A:$A)),ROW(C4)),3),"")} -> 224.14
A6: {=IFERROR(INDEX(Dados!$A:$C,SMALL(IF(Dados!$A:$A="Iasmin",ROW(Dados!$A:$A)),ROW(A5)),1),"")} | B6: {=IFERROR(INDEX(Dados!$A:$C,SMALL(IF(Dados!$A:$A="Iasmin",ROW(Dados!$A:$A)),ROW(B5)),2),"")} | C6: {=IFERROR(INDEX(Dados!$A:$C,SMALL(IF(Dados!$A:$A="Iasmin",ROW(Dados!$A:$A)),ROW(C5)),3),"")}
A7: {=IFERROR(INDEX(Dados!$A:$C,SMALL(IF(Dados!$A:$A="Iasmin",ROW(Dados!$A:$A)),ROW(A6)),1),"")} | B7: {=IFERROR(INDEX(Dados!$A:$C,SMALL(IF(Dados!$A:$A="Iasmin",ROW(Dados!$A:$A)),ROW(B6)),2),"")} | C7: {=IFERROR(INDEX(Dados!$A:$C,SMALL(IF(Dados!$A:$A="Iasmin",ROW(Dados!$A:$A)),ROW(C6)),3),"")}
A8: {=IFERROR(INDEX(Dados!$A:$C,SMALL(IF(Dados!$A:$A="Iasmin",ROW(Dados!$A:$A)),ROW(A7)),1),"")} | B8: {=IFERROR(INDEX(Dados!$A:$C,SMALL(IF(Dados!$A:$A="Iasmin",ROW(Dados!$A:$A)),ROW(B7)),2),"")} | C8: {=IFERROR(INDEX(Dados!$A:$C,SMALL(IF(Dados!$A:$A="Iasmin",ROW(Dados!$A:$A)),ROW(C7)),3),"")}
A9: {=IFERROR(INDEX(Dados!$A:$C,SMALL(IF(Dados!$A:$A="Iasmin",ROW(Dados!$A:$A)),ROW(A8)),1),"")} | B9: {=IFERROR(INDEX(Dados!$A:$C,SMALL(IF(Dados!$A:$A="Iasmin",ROW(Dados!$A:$A)),ROW(B8)),2),"")} | C9: {=IFERROR(INDEX(Dados!$A:$C,SMALL(IF(Dados!$A:$A="Iasmin",ROW(Dados!$A:$A)),ROW(C8)),3),"")}
A10: {=IFERROR(INDEX(Dados!$A:$C,SMALL(IF(Dados!$A:$A="Iasmin",ROW(Dados!$A:$A)),ROW(A9)),1),"")} | B10: {=IFERROR(INDEX(Dados!$A:$C,SMALL(IF(Dados!$A:$A="Iasmin",ROW(Dados!$A:$A)),ROW(B9)),2),"")} | C10: {=IFERROR(INDEX(Dados!$A:$C,SMALL(IF(Dados!$A:$A="Iasmin",ROW(Dados!$A:$A)),ROW(C9)),3),"")}
A11: {=IFERROR(INDEX(Dados!$A:$C,SMALL(IF(Dados!$A:$A="Iasmin",ROW(Dados!$A:$A)),ROW(A10)),1),"")} | B11: {=IFERROR(INDEX(Dados!$A:$C,SMALL(IF(Dados!$A:$A="Iasmin",ROW(Dados!$A:$A)),ROW(B10)),2),"")} | C11: {=IFERROR(INDEX(Dados!$A:$C,SMALL(IF(Dados!$A:$A="Iasmin",ROW(Dados!$A:$A)),ROW(C10)),3),"")}

Sheet Ana
A1: Cliente | B1: Produto | C1: Valor
A2: {=IFERROR(INDEX(Dados!$A:$C,SMALL(IF(Dados!$A:$A="Ana",ROW(Dados!$A:$A)),ROW(A1)),1),"")} -> Ana | B2: {=IFERROR(INDEX(Dados!$A:$C,SMALL(IF(Dados!$A:$A="Ana",ROW(Dados!$A:$A)),ROW(B1)),2),"")} -> Tênis Feminino | C2: {=IFERROR(INDEX(Dados!$A:$C,SMALL(IF(Dados!$A:$A="Ana",ROW(Dados!$A:$A)),ROW(C1)),3),"")} -> 41.9
A3: {=IFERROR(INDEX(Dados!$A:$C,SMALL(IF(Dados!$A:$A="Ana",ROW(Dados!$A:$A)),ROW(A2)),1),"")} -> Ana | B3: {=IFERROR(INDEX(Dados!$A:$C,SMALL(IF(Dados!$A:$A="Ana",ROW(Dados!$A:$A)),ROW(B2)),2),"")} -> Calça Feminina Jogger | C3: {=IFERROR(INDEX(Dados!$A:$C,SMALL(IF(Dados!$A:$A="Ana",ROW(Dados!$A:$A)),ROW(C2)),3),"")} -> 69.99
A4: {=IFERROR(INDEX(Dados!$A:$C,SMALL(IF(Dados!$A:$A="Ana",ROW(Dados!$A:$A)),ROW(A3)),1),"")} -> Ana | B4: {=IFERROR(INDEX(Dados!$A:$C,SMALL(IF(Dados!$A:$A="Ana",ROW(Dados!$A:$A)),ROW(B3)),2),"")} -> Sapato Social | C4: {=IFERROR(INDEX(Dados!$A:$C,SMALL(IF(Dados!$A:$A="Ana",ROW(Dados!$A:$A)),ROW(C3)),3),"")} -> 81.9
A5: {=IFERROR(INDEX(Dados!$A:$C,SMALL(IF(Dados!$A:$A="Ana",ROW(Dados!$A:$A)),ROW(A4)),1),"")} -> Ana | B5: {=IFERROR(INDEX(Dados!$A:$C,SMALL(IF(Dados!$A:$A="Ana",ROW(Dados!$A:$A)),ROW(B4)),2),"")} -> Bermuda Masculino | C5: {=IFERROR(INDEX(Dados!$A:$C,SMALL(IF(Dados!$A:$A="Ana",ROW(Dados!$A:$A)),ROW(C4)),3),"")} -> 89.99
A6: {=IFERROR(INDEX(Dados!$A:$C,SMALL(IF(Dados!$A:$A="Ana",ROW(Dados!$A:$A)),ROW(A5)),1),"")} -> Ana | B6: {=IFERROR(INDEX(Dados!$A:$C,SMALL(IF(Dados!$A:$A="Ana",ROW(Dados!$A:$A)),ROW(B5)),2),"")} -> Camisa Masculina Festa Balada | C6: {=IFERROR(INDEX(Dados!$A:$C,SMALL(IF(Dados!$A:$A="Ana",ROW(Dados!$A:$A)),ROW(C5)),3),"")} -> 116.52
A7: {=IFERROR(INDEX(Dados!$A:$C,SMALL(IF(Dados!$A:$A="Ana",ROW(Dados!$A:$A)),ROW(A6)),1),"")} -> Ana | B7: {=IFERROR(INDEX(Dados!$A:$C,SMALL(IF(Dados!$A:$A="Ana",ROW(Dados!$A:$A)),ROW(B6)),2),"")} -> Bota Masculina | C7: {=IFERROR(INDEX(Dados!$A:$C,SMALL(IF(Dados!$A:$A="Ana",ROW(Dados!$A:$A)),ROW(C6)),3),"")} -> 146.14
A8: {=IFERROR(INDEX(Dados!$A:$C,SMALL(IF(Dados!$A:$A="Ana",ROW(Dados!$A:$A)),ROW(A7)),1),"")} -> Ana | B8: {=IFERROR(INDEX(Dados!$A:$C,SMALL(IF(Dados!$A:$A="Ana",ROW(Dados!$A:$A)),ROW(B7)),2),"")} -> Jaqueta Masculina Preta | C8: {=IFERROR(INDEX(Dados!$A:$C,SMALL(IF(Dados!$A:$A="Ana",ROW(Dados!$A:$A)),ROW(C7)),3),"")} -> 248.73
A9: {=IFERROR(INDEX(Dados!$A:$C,SMALL(IF(Dados!$A:$A="Ana",ROW(Dados!$A:$A)),ROW(A8)),1),"")} | B9: {=IFERROR(INDEX(Dados!$A:$C,SMALL(IF(Dados!$A:$A="Ana",ROW(Dados!$A:$A)),ROW(B8)),2),"")} | C9: {=IFERROR(INDEX(Dados!$A:$C,SMALL(IF(Dados!$A:$A="Ana",ROW(Dados!$A:$A)),ROW(C8)),3),"")}
A10: {=IFERROR(INDEX(Dados!$A:$C,SMALL(IF(Dados!$A:$A="Ana",ROW(Dados!$A:$A)),ROW(A9)),1),"")} | B10: {=IFERROR(INDEX(Dados!$A:$C,SMALL(IF(Dados!$A:$A="Ana",ROW(Dados!$A:$A)),ROW(B9)),2),"")} | C10: {=IFERROR(INDEX(Dados!$A:$C,SMALL(IF(Dados!$A:$A="Ana",ROW(Dados!$A:$A)),ROW(C9)),3),"")}
A11: {=IFERROR(INDEX(Dados!$A:$C,SMALL(IF(Dados!$A:$A="Ana",ROW(Dados!$A:$A)),ROW(A10)),1),"")} | B11: {=IFERROR(INDEX(Dados!$A:$C,SMALL(IF(Dados!$A:$A="Ana",ROW(Dados!$A:$A)),ROW(B10)),2),"")} | C11: {=IFERROR(INDEX(Dados!$A:$C,SMALL(IF(Dados!$A:$A="Ana",ROW(Dados!$A:$A)),ROW(C10)),3),"")}

Sheet Ana(Aluno)
A1: Cliente | B1: Produto | C1: Valor
A2: {=IFERROR(INDEX(Dados!$A:$C,SMALL(IF(Dados!$A:$A="Ana",ROW(Dados!$A:$A)),ROW(A1)),COLUMN(A1)),"")} -> Ana | B2: {=IFERROR(INDEX(Dados!$A:$C,SMALL(IF(Dados!$A:$A="Ana",ROW(Dados!$A:$A)),ROW(B1)),COLUMN(B1)),"")} -> Tênis Feminino | C2: {=IFERROR(INDEX(Dados!$A:$C,SMALL(IF(Dados!$A:$A="Ana",ROW(Dados!$A:$A)),ROW(C1)),COLUMN(C1)),"")} -> 41.9
A3: {=IFERROR(INDEX(Dados!$A:$C,SMALL(IF(Dados!$A:$A="Ana",ROW(Dados!$A:$A)),ROW(A2)),COLUMN(A2)),"")} -> Ana | B3: {=IFERROR(INDEX(Dados!$A:$C,SMALL(IF(Dados!$A:$A="Ana",ROW(Dados!$A:$A)),ROW(B2)),COLUMN(B2)),"")} -> Calça Feminina Jogger | C3: {=IFERROR(INDEX(Dados!$A:$C,SMALL(IF(Dados!$A:$A="Ana",ROW(Dados!$A:$A)),ROW(C2)),COLUMN(C2)),"")} -> 69.99
A4: {=IFERROR(INDEX(Dados!$A:$C,SMALL(IF(Dados!$A:$A="Ana",ROW(Dados!$A:$A)),ROW(A3)),COLUMN(A3)),"")} -> Ana | B4: {=IFERROR(INDEX(Dados!$A:$C,SMALL(IF(Dados!$A:$A="Ana",ROW(Dados!$A:$A)),ROW(B3)),COLUMN(B3)),"")} -> Sapato Social | C4: {=IFERROR(INDEX(Dados!$A:$C,SMALL(IF(Dados!$A:$A="Ana",ROW(Dados!$A:$A)),ROW(C3)),COLUMN(C3)),"")} -> 81.9
A5: {=IFERROR(INDEX(Dados!$A:$C,SMALL(IF(Dados!$A:$A="Ana",ROW(Dados!$A:$A)),ROW(A4)),COLUMN(A4)),"")} -> Ana | B5: {=IFERROR(INDEX(Dados!$A:$C,SMALL(IF(Dados!$A:$A="Ana",ROW(Dados!$A:$A)),ROW(B4)),COLUMN(B4)),"")} -> Bermuda Masculino | C5: {=IFERROR(INDEX(Dados!$A:$C,SMALL(IF(Dados!$A:$A="Ana",ROW(Dados!$A:$A)),ROW(C4)),COLUMN(C4)),"")} -> 89.99
A6: {=IFERROR(INDEX(Dados!$A:$C,SMALL(IF(Dados!$A:$A="Ana",ROW(Dados!$A:$A)),ROW(A5)),COLUMN(A5)),"")} -> Ana | B6: {=IFERROR(INDEX(Dados!$A:$C,SMALL(IF(Dados!$A:$A="Ana",ROW(Dados!$A:$A)),ROW(B5)),COLUMN(B5)),"")} -> Camisa Masculina Festa Balada | C6: {=IFERROR(INDEX(Dados!$A:$C,SMALL(IF(Dados!$A:$A="Ana",ROW(Dados!$A:$A)),ROW(C5)),COLUMN(C5)),"")} -> 116.52
A7: {=IFERROR(INDEX(Dados!$A:$C,SMALL(IF(Dados!$A:$A="Ana",ROW(Dados!$A:$A)),ROW(A6)),COLUMN(A6)),"")} -> Ana | B7: {=IFERROR(INDEX(Dados!$A:$C,SMALL(IF(Dados!$A:$A="Ana",ROW(Dados!$A:$A)),ROW(B6)),COLUMN(B6)),"")} -> Bota Masculina | C7: {=IFERROR(INDEX(Dados!$A:$C,SMALL(IF(Dados!$A:$A="Ana",ROW(Dados!$A:$A)),ROW(C6)),COLUMN(C6)),"")} -> 146.14
A8: {=IFERROR(INDEX(Dados!$A:$C,SMALL(IF(Dados!$A:$A="Ana",ROW(Dados!$A:$A)),ROW(A7)),COLUMN(A7)),"")} -> Ana | B8: {=IFERROR(INDEX(Dados!$A:$C,SMALL(IF(Dados!$A:$A="Ana",ROW(Dados!$A:$A)),ROW(B7)),COLUMN(B7)),"")} -> Jaqueta Masculina Preta | C8: {=IFERROR(INDEX(Dados!$A:$C,SMALL(IF(Dados!$A:$A="Ana",ROW(Dados!$A:$A)),ROW(C7)),COLUMN(C7)),"")} -> 248.73
A9: {=IFERROR(INDEX(Dados!$A:$C,SMALL(IF(Dados!$A:$A="Ana",ROW(Dados!$A:$A)),ROW(A8)),COLUMN(A8)),"")} | B9: {=IFERROR(INDEX(Dados!$A:$C,SMALL(IF(Dados!$A:$A="Ana",ROW(Dados!$A:$A)),ROW(B8)),COLUMN(B8)),"")} | C9: {=IFERROR(INDEX(Dados!$A:$C,SMALL(IF(Dados!$A:$A="Ana",ROW(Dados!$A:$A)),ROW(C8)),COLUMN(C8)),"")}
A10: {=IFERROR(INDEX(Dados!$A:$C,SMALL(IF(Dados!$A:$A="Ana",ROW(Dados!$A:$A)),ROW(A9)),COLUMN(A9)),"")} | B10: {=IFERROR(INDEX(Dados!$A:$C,SMALL(IF(Dados!$A:$A="Ana",ROW(Dados!$A:$A)),ROW(B9)),COLUMN(B9)),"")} | C10: {=IFERROR(INDEX(Dados!$A:$C,SMALL(IF(Dados!$A:$A="Ana",ROW(Dados!$A:$A)),ROW(C9)),COLUMN(C9)),"")}
A11: {=IFERROR(INDEX(Dados!$A:$C,SMALL(IF(Dados!$A:$A="Ana",ROW(Dados!$A:$A)),ROW(A10)),COLUMN(A10)),"")} | B11: {=IFERROR(INDEX(Dados!$A:$C,SMALL(IF(Dados!$A:$A="Ana",ROW(Dados!$A:$A)),ROW(B10)),COLUMN(B10)),"")} | C11: {=IFERROR(INDEX(Dados!$A:$C,SMALL(IF(Dados!$A:$A="Ana",ROW(Dados!$A:$A)),ROW(C10)),COLUMN(C10)),"")}

Sheet Aluno
A1: Cliente | B1: Produto | C1: Valor
A2: {=IFERROR(INDEX(Dados!$A:$C,SMALL(IF(Dados!$A:$A="Ana",ROW(Dados!$A:$A)),ROW(A1)),COLUMN(A1)),"")} -> Ana | B2: {=IFERROR(INDEX(Dados!$A:$C,SMALL(IF(Dados!$A:$A="Ana",ROW(Dados!$A:$A)),ROW(B1)),COLUMN(B1)),"")} -> Tênis Feminino | C2: {=IFERROR(INDEX(Dados!$A:$C,SMALL(IF(Dados!$A:$A="Ana",ROW(Dados!$A:$A)),ROW(C1)),COLUMN(C1)),"")} -> 41.9
A3: {=IFERROR(INDEX(Dados!$A:$C,SMALL(IF(Dados!$A:$A="Ana",ROW(Dados!$A:$A)),ROW(A2)),COLUMN(A2)),"")} -> Ana | B3: {=IFERROR(INDEX(Dados!$A:$C,SMALL(IF(Dados!$A:$A="Ana",ROW(Dados!$A:$A)),ROW(B2)),COLUMN(B2)),"")} -> Calça Feminina Jogger | C3: {=IFERROR(INDEX(Dados!$A:$C,SMALL(IF(Dados!$A:$A="Ana",ROW(Dados!$A:$A)),ROW(C2)),COLUMN(C2)),"")} -> 69.99
A4: {=IFERROR(INDEX(Dados!$A:$C,SMALL(IF(Dados!$A:$A="Ana",ROW(Dados!$A:$A)),ROW(A3)),COLUMN(A3)),"")} -> Ana | B4: {=IFERROR(INDEX(Dados!$A:$C,SMALL(IF(Dados!$A:$A="Ana",ROW(Dados!$A:$A)),ROW(B3)),COLUMN(B3)),"")} -> Sapato Social | C4: {=IFERROR(INDEX(Dados!$A:$C,SMALL(IF(Dados!$A:$A="Ana",ROW(Dados!$A:$A)),ROW(C3)),COLUMN(C3)),"")} -> 81.9
A5: {=IFERROR(INDEX(Dados!$A:$C,SMALL(IF(Dados!$A:$A="Ana",ROW(Dados!$A:$A)),ROW(A4)),COLUMN(A4)),"")} -> Ana | B5: {=IFERROR(INDEX(Dados!$A:$C,SMALL(IF(Dados!$A:$A="Ana",ROW(Dados!$A:$A)),ROW(B4)),COLUMN(B4)),"")} -> Bermuda Masculino | C5: {=IFERROR(INDEX(Dados!$A:$C,SMALL(IF(Dados!$A:$A="Ana",ROW(Dados!$A:$A)),ROW(C4)),COLUMN(C4)),"")} -> 89.99
A6: {=IFERROR(INDEX(Dados!$A:$C,SMALL(IF(Dados!$A:$A="Ana",ROW(Dados!$A:$A)),ROW(A5)),COLUMN(A5)),"")} -> Ana | B6: {=IFERROR(INDEX(Dados!$A:$C,SMALL(IF(Dados!$A:$A="Ana",ROW(Dados!$A:$A)),ROW(B5)),COLUMN(B5)),"")} -> Camisa Masculina Festa Balada | C6: {=IFERROR(INDEX(Dados!$A:$C,SMALL(IF(Dados!$A:$A="Ana",ROW(Dados!$A:$A)),ROW(C5)),COLUMN(C5)),"")} -> 116.52
A7: {=IFERROR(INDEX(Dados!$A:$C,SMALL(IF(Dados!$A:$A="Ana",ROW(Dados!$A:$A)),ROW(A6)),COLUMN(A6)),"")} -> Ana | B7: {=IFERROR(INDEX(Dados!$A:$C,SMALL(IF(Dados!$A:$A="Ana",ROW(Dados!$A:$A)),ROW(B6)),COLUMN(B6)),"")} -> Bota Masculina | C7: {=IFERROR(INDEX(Dados!$A:$C,SMALL(IF(Dados!$A:$A="Ana",ROW(Dados!$A:$A)),ROW(C6)),COLUMN(C6)),"")} -> 146.14
A8: {=IFERROR(INDEX(Dados!$A:$C,SMALL(IF(Dados!$A:$A="Ana",ROW(Dados!$A:$A)),ROW(A7)),COLUMN(A7)),"")} -> Ana | B8: {=IFERROR(INDEX(Dados!$A:$C,SMALL(IF(Dados!$A:$A="Ana",ROW(Dados!$A:$A)),ROW(B7)),COLUMN(B7)),"")} -> Jaqueta Masculina Preta | C8: {=IFERROR(INDEX(Dados!$A:$C,SMALL(IF(Dados!$A:$A="Ana",ROW(Dados!$A:$A)),ROW(C7)),COLUMN(C7)),"")} -> 248.73
A9: {=IFERROR(INDEX(Dados!$A:$C,SMALL(IF(Dados!$A:$A="Ana",ROW(Dados!$A:$A)),ROW(A8)),COLUMN(A8)),"")} | B9: {=IFERROR(INDEX(Dados!$A:$C,SMALL(IF(Dados!$A:$A="Ana",ROW(Dados!$A:$A)),ROW(B8)),COLUMN(B8)),"")} | C9: {=IFERROR(INDEX(Dados!$A:$C,SMALL(IF(Dados!$A:$A="Ana",ROW(Dados!$A:$A)),ROW(C8)),COLUMN(C8)),"")}
A10: {=IFERROR(INDEX(Dados!$A:$C,SMALL(IF(Dados!$A:$A="Ana",ROW(Dados!$A:$A)),ROW(A9)),COLUMN(A9)),"")} | B10: {=IFERROR(INDEX(Dados!$A:$C,SMALL(IF(Dados!$A:$A="Ana",ROW(Dados!$A:$A)),ROW(B9)),COLUMN(B9)),"")} | C10: {=IFERROR(INDEX(Dados!$A:$C,SMALL(IF(Dados!$A:$A="Ana",ROW(Dados!$A:$A)),ROW(C9)),COLUMN(C9)),"")}
A11: {=IFERROR(INDEX(Dados!$A:$C,SMALL(IF(Dados!$A:$A="Ana",ROW(Dados!$A:$A)),ROW(A10)),COLUMN(A10)),"")} | B11: {=IFERROR(INDEX(Dados!$A:$C,SMALL(IF(Dados!$A:$A="Ana",ROW(Dados!$A:$A)),ROW(B10)),COLUMN(B10)),"")} | C11: {=IFERROR(INDEX(Dados!$A:$C,SMALL(IF(Dados!$A:$A="Ana",ROW(Dados!$A:$A)),ROW(C10)),COLUMN(C10)),"")}

Sheet Dados
A1: Cliente | B1: Produto | C1: Valor
A2: Ana | B2: Tênis Feminino | C2: 41.9
A3: Ana | B3: Calça Feminina Jogger | C3: 69.99
A4: Ana | B4: Sapato Social | C4: 81.9
A5: Ana | B5: Bermuda Masculino | C5: 89.99
A6: Ana | B6: Camisa Masculina Festa Balada | C6: 116.52
A7: Ana | B7: Bota Masculina | C7: 146.14
A8: Ana | B8: Jaqueta Masculina Preta | C8: 248.73
A9: Iasmin | B9: Bolsa de Trabalho | C9: 55.9
A10: Iasmin | B10: Kit de Pinceis de Maquiagem | C10: 59.9
A11: Iasmin | B11: Vestido Infantil | C11: 148.56
A12: Iasmin | B12: Camisa Masculina | C12: 224.14
A13: Pedro | B13: Camisa Térmica | C13: 46.9
... A18: Fran | B18: Sapato | C18: 300
