Workbook

Sheet Tabela Professor
B6: 0.25 | C6: 0.5 | D6: 0.75 | E6: 1
A7: Funcionário | B7: Vermelho | C7: Amarelo | D7: Azul | E7: Verde
A8: Allan | B8: =IF(AND(VLOOKUP($A8,Professor!B:C,2,0)/Professor!$G$2>0,VLOOKUP($A8,Professor!B:C,2,0)/Professor!$G$2<=B$6),VLOOKUP($A8,Professor!B:C,2,0),NA()) -> #N/A | C8: =IF(AND(VLOOKUP($A8,Professor!B:C,2,0)/Professor!$G$2>B$6,VLOOKUP($A8,Professor!B:C,2,0)/Professor!$G$2<=C$6),VLOOKUP($A8,Professor!B:C,2,0),NA()) -> #N/A | D8: =IF(AND(VLOOKUP($A8,Professor!B:C,2,0)/Professor!$G$2>C$6,VLOOKUP($A8,Professor!B:C,2,0)/Professor!$G$2<=D$6),VLOOKUP($A8,Professor!B:C,2,0),NA()) -> #N/A | E8: =IF(VLOOKUP($A8,Professor!B:C,2,0)/Professor!$G$2>D$6,VLOOKUP($A8,Professor!B:C,2,0),NA()) -> 9000
A9: Rafael | B9: =IF(AND(VLOOKUP($A9,Professor!B:C,2,0)/Professor!$G$2>0,VLOOKUP($A9,Professor!B:C,2,0)/Professor!$G$2<=B$6),VLOOKUP($A9,Professor!B:C,2,0),NA()) -> #N/A | C9: =IF(AND(VLOOKUP($A9,Professor!B:C,2,0)/Professor!$G$2>B$6,VLOOKUP($A9,Professor!B:C,2,0)/Professor!$G$2<=C$6),VLOOKUP($A9,Professor!B:C,2,0),NA()) -> #N/A | D9: =IF(AND(VLOOKUP($A9,Professor!B:C,2,0)/Professor!$G$2>C$6,VLOOKUP($A9,Professor!B:C,2,0)/Professor!$G$2<=D$6),VLOOKUP($A9,Professor!B:C,2,0),NA()) -> 6000 | E9: =IF(VLOOKUP($A9,Professor!B:C,2,0)/Professor!$G$2>D$6,VLOOKUP($A9,Professor!B:C,2,0),NA()) -> #N/A
A10: Nicole | B10: =IF(AND(VLOOKUP($A10,Professor!B:C,2,0)/Professor!$G$2>0,VLOOKUP($A10,Professor!B:C,2,0)/Professor!$G$2<=B$6),VLOOKUP($A10,Professor!B:C,2,0),NA()) -> #N/A | C10: =IF(AND(VLOOKUP($A10,Professor!B:C,2,0)/Professor!$G$2>B$6,VLOOKUP($A10,Professor!B:C,2,0)/Professor!$G$2<=C$6),VLOOKUP($A10,Professor!B:C,2,0),NA()) -> 5000 | D10: =IF(AND(VLOOKUP($A10,Professor!B:C,2,0)/Professor!$G$2>C$6,VLOOKUP($A10,Professor!B:C,2,0)/Professor!$G$2<=D$6),VLOOKUP($A10,Professor!B:C,2,0),NA()) -> #N/A | E10: =IF(VLOOKUP($A10,Professor!B:C,2,0)/Professor!$G$2>D$6,VLOOKUP($A10,Professor!B:C,2,0),NA()) -> #N/A
A11: Rosiane | B11: =IF(AND(VLOOKUP($A11,Professor!B:C,2,0)/Professor!$G$2>0,VLOOKUP($A11,Professor!B:C,2,0)/Professor!$G$2<=B$6),VLOOKUP($A11,Professor!B:C,2,0),NA()) -> #N/A | C11: =IF(AND(VLOOKUP($A11,Professor!B:C,2,0)/Professor!$G$2>B$6,VLOOKUP($A11,Professor!B:C,2,0)/Professor!$G$2<=C$6),VLOOKUP($A11,Professor!B:C,2,0),NA()) -> #N/A | D11: =IF(AND(VLOOKUP($A11,Professor!B:C,2,0)/Professor!$G$2>C$6,VLOOKUP($A11,Professor!B:C,2,0)/Professor!$G$2<=D$6),VLOOKUP($A11,Professor!B:C,2,0),NA()) -> 5500 | E11: =IF(VLOOKUP($A11,Professor!B:C,2,0)/Professor!$G$2>D$6,VLOOKUP($A11,Professor!B:C,2,0),NA()) -> #N/A
A12: Roberto | B12: =IF(AND(VLOOKUP($A12,Professor!B:C,2,0)/Professor!$G$2>0,VLOOKUP($A12,Professor!B:C,2,0)/Professor!$G$2<=B$6),VLOOKUP($A12,Professor!B:C,2,0),NA()) -> #N/A | C12: =IF(AND(VLOOKUP($A12,Professor!B:C,2,0)/Professor!$G$2>B$6,VLOOKUP($A12,Professor!B:C,2,0)/Professor!$G$2<=C$6),VLOOKUP($A12,Professor!B:C,2,0),NA()) -> #N/A | D12: =IF(AND(VLOOKUP($A12,Professor!B:C,2,0)/Professor!$G$2>C$6,VLOOKUP($A12,Professor!B:C,2,0)/Professor!$G$2<=D$6),VLOOKUP($A12,Professor!B:C,2,0),NA()) -> 6100 | E12: =IF(VLOOKUP($A12,Professor!B:C,2,0)/Professor!$G$2>D$6,VLOOKUP($A12,Professor!B:C,2,0),NA()) -> #N/A
A13: Simone | B13: =IF(AND(VLOOKUP($A13,Professor!B:C,2,0)/Professor!$G$2>0,VLOOKUP($A13,Professor!B:C,2,0)/Professor!$G$2<=B$6),VLOOKUP($A13,Professor!B:C,2,0),NA()) -> #N/A | C13: =IF(AND(VLOOKUP($A13,Professor!B:C,2,0)/Professor!$G$2>B$6,VLOOKUP($A13,Professor!B:C,2,0)/Professor!$G$2<=C$6),VLOOKUP($A13,Professor!B:C,2,0),NA()) -> #N/A | D13: =IF(AND(VLOOKUP($A13,Professor!B:C,2,0)/Professor!$G$2>C$6,VLOOKUP($A13,Professor!B:C,2,0)/Professor!$G$2<=D$6),VLOOKUP($A13,Professor!B:C,2,0),NA()) -> 6000 | E13: =IF(VLOOKUP($A13,Professor!B:C,2,0)/Professor!$G$2>D$6,VLOOKUP($A13,Professor!B:C,2,0),NA()) -> #N/A
A14: Alessandra | B14: =IF(AND(VLOOKUP($A14,Professor!B:C,2,0)/Professor!$G$2>0,VLOOKUP($A14,Professor!B:C,2,0)/Professor!$G$2<=B$6),VLOOKUP($A14,Professor!B:C,2,0),NA()) -> 2500 | C14: =IF(AND(VLOOKUP($A14,Professor!B:C,2,0)/Professor!$G$2>B$6,VLOOKUP($A14,Professor!B:C,2,0)/Professor!$G$2<=C$6),VLOOKUP($A14,Professor!B:C,2,0),NA()) -> #N/A | D14: =IF(AND(VLOOKUP($A14,Professor!B:C,2,0)/Professor!$G$2>C$6,VLOOKUP($A14,Professor!B:C,2,0)/Professor!$G$2<=D$6),VLOOKUP($A14,Professor!B:C,2,0),NA()) -> #N/A | E14: =IF(VLOOKUP($A14,Professor!B:C,2,0)/Professor!$G$2>D$6,VLOOKUP($A14,Professor!B:C,2,0),NA()) -> #N/A

Sheet Professor
F2: Meta | G2: 10000
B4: Funcionário | C4: Vendas | F4: 0.25 | G4: 0.5 | H4: 0.75 | I4: 1
B5: Allan | C5: 9000 | F5: Ruim | G5: Médio | H5: Bom | I5: Ótimo
B6: Rafael | C6: 6000
B7: Nicole | C7: 5000
B8: Rosiane | C8: 5500
B9: Roberto | C9: 6100
B10: Simone | C10: 6000
B11: Alessandra | C11: 2500

Sheet Tabela Aluno
B6: 0.25 | C6: 0.5 | D6: 0.75 | E6: 1
A7: Funcionário | B7: Vermelho | C7: Amarelo | D7: Azul | E7: Verde
A8: Allan | B8: =IF(AND(VLOOKUP($A8,Aluno!B:C,2,0)/Aluno!$G$2>0,VLOOKUP($A8,Aluno!B:C,2,0)/Aluno!$G$2<=B$6),VLOOKUP($A8,Aluno!B:C,2,0),NA()) -> #N/A | C8: =IF(AND(VLOOKUP($A8,Aluno!B:C,2,0)/Aluno!$G$2>B$6,VLOOKUP($A8,Aluno!B:C,2,0)/Aluno!$G$2<=C$6),VLOOKUP($A8,Aluno!B:C,2,0),NA()) -> #N/A | D8: =IF(AND(VLOOKUP($A8,Aluno!B:C,2,0)/Aluno!$G$2>C$6,VLOOKUP($A8,Aluno!B:C,2,0)/Aluno!$G$2<=D$6),VLOOKUP($A8,Aluno!B:C,2,0),NA()) -> 7000 | E8: =IF(VLOOKUP($A8,Aluno!B:C,2,0)/Aluno!$G$2>D$6,VLOOKUP($A8,Aluno!B:C,2,0),NA()) -> #N/A
A9: Rafael | B9: =IF(AND(VLOOKUP($A9,Aluno!B:C,2,0)/Aluno!$G$2>0,VLOOKUP($A9,Aluno!B:C,2,0)/Aluno!$G$2<=B$6),VLOOKUP($A9,Aluno!B:C,2,0),NA()) -> #N/A | C9: =IF(AND(VLOOKUP($A9,Aluno!B:C,2,0)/Aluno!$G$2>B$6,VLOOKUP($A9,Aluno!B:C,2,0)/Aluno!$G$2<=C$6),VLOOKUP($A9,Aluno!B:C,2,0),NA()) -> #N/A | D9: =IF(AND(VLOOKUP($A9,Aluno!B:C,2,0)/Aluno!$G$2>C$6,VLOOKUP($A9,Aluno!B:C,2,0)/Aluno!$G$2<=D$6),VLOOKUP($A9,Aluno!B:C,2,0),NA()) -> 6000 | E9: =IF(VLOOKUP($A9,Aluno!B:C,2,0)/Aluno!$G$2>D$6,VLOOKUP($A9,Aluno!B:C,2,0),NA()) -> #N/A
A10: Nicole | B10: =IF(AND(VLOOKUP($A10,Aluno!B:C,2,0)/Aluno!$G$2>0,VLOOKUP($A10,Aluno!B:C,2,0)/Aluno!$G$2<=B$6),VLOOKUP($A10,Aluno!B:C,2,0),NA()) -> #N/A | C10: =IF(AND(VLOOKUP($A10,Aluno!B:C,2,0)/Aluno!$G$2>B$6,VLOOKUP($A10,Aluno!B:C,2,0)/Aluno!$G$2<=C$6),VLOOKUP($A10,Aluno!B:C,2,0),NA()) -> #N/A | D10: =IF(AND(VLOOKUP($A10,Aluno!B:C,2,0)/Aluno!$G$2>C$6,VLOOKUP($A10,Aluno!B:C,2,0)/Aluno!$G$2<=D$6),VLOOKUP($A10,Aluno!B:C,2,0),NA()) -> #N/A | E10: =IF(VLOOKUP($A10,Aluno!B:C,2,0)/Aluno!$G$2>D$6,VLOOKUP($A10,Aluno!B:C,2,0),NA()) -> 9000
A11: Rosiane | B11: =IF(AND(VLOOKUP($A11,Aluno!B:C,2,0)/Aluno!$G$2>0,VLOOKUP($A11,Aluno!B:C,2,0)/Aluno!$G$2<=B$6),VLOOKUP($A11,Aluno!B:C,2,0),NA()) -> #N/A | C11: =IF(AND(VLOOKUP($A11,Aluno!B:C,2,0)/Aluno!$G$2>B$6,VLOOKUP($A11,Aluno!B:C,2,0)/Aluno!$G$2<=C$6),VLOOKUP($A11,Aluno!B:C,2,0),NA()) -> #N/A | D11: =IF(AND(VLOOKUP($A11,Aluno!B:C,2,0)/Aluno!$G$2>C$6,VLOOKUP($A11,Aluno!B:C,2,0)/Aluno!$G$2<=D$6),VLOOKUP($A11,Aluno!B:C,2,0),NA()) -> 5500 | E11: =IF(VLOOKUP($A11,Aluno!B:C,2,0)/Aluno!$G$2>D$6,VLOOKUP($A11,Aluno!B:C,2,0),NA()) -> #N/A
A12: Roberto | B12: =IF(AND(VLOOKUP($A12,Aluno!B:C,2,0)/Aluno!$G$2>0,VLOOKUP($A12,Aluno!B:C,2,0)/Aluno!$G$2<=B$6),VLOOKUP($A12,Aluno!B:C,2,0),NA()) -> #N/A | C12: =IF(AND(VLOOKUP($A12,Aluno!B:C,2,0)/Aluno!$G$2>B$6,VLOOKUP($A12,Aluno!B:C,2,0)/Aluno!$G$2<=C$6),VLOOKUP($A12,Aluno!B:C,2,0),NA()) -> #N/A | D12: =IF(AND(VLOOKUP($A12,Aluno!B:C,2,0)/Aluno!$G$2>C$6,VLOOKUP($A12,Aluno!B:C,2,0)/Aluno!$G$2<=D$6),VLOOKUP($A12,Aluno!B:C,2,0),NA()) -> 6100 | E12: =IF(VLOOKUP($A12,Aluno!B:C,2,0)/Aluno!$G$2>D$6,VLOOKUP($A12,Aluno!B:C,2,0),NA()) -> #N/A
A13: Simone | B13: =IF(AND(VLOOKUP($A13,Aluno!B:C,2,0)/Aluno!$G$2>0,VLOOKUP($A13,Aluno!B:C,2,0)/Aluno!$G$2<=B$6),VLOOKUP($A13,Aluno!B:C,2,0),NA()) -> #N/A | C13: =IF(AND(VLOOKUP($A13,Aluno!B:C,2,0)/Aluno!$G$2>B$6,VLOOKUP($A13,Aluno!B:C,2,0)/Aluno!$G$2<=C$6),VLOOKUP($A13,Aluno!B:C,2,0),NA()) -> 3000 | D13: =IF(AND(VLOOKUP($A13,Aluno!B:C,2,0)/Aluno!$G$2>C$6,VLOOKUP($A13,Aluno!B:C,2,0)/Aluno!$G$2<=D$6),VLOOKUP($A13,Aluno!B:C,2,0),NA()) -> #N/A | E13: =IF(VLOOKUP($A13,Aluno!B:C,2,0)/Aluno!$G$2>D$6,VLOOKUP($A13,Aluno!B:C,2,0),NA()) -> #N/A
A14: Alessandra | B14: =IF(AND(VLOOKUP($A14,Aluno!B:C,2,0)/Aluno!$G$2>0,VLOOKUP($A14,Aluno!B:C,2,0)/Aluno!$G$2<=B$6),VLOOKUP($A14,Aluno!B:C,2,0),NA()) -> 2500 | C14: =IF(AND(VLOOKUP($A14,Aluno!B:C,2,0)/Aluno!$G$2>B$6,VLOOKUP($A14,Aluno!B:C,2,0)/Aluno!$G$2<=C$6),VLOOKUP($A14,Aluno!B:C,2,0),NA()) -> #N/A | D14: =IF(AND(VLOOKUP($A14,Aluno!B:C,2,0)/Aluno!$G$2>C$6,VLOOKUP($A14,Aluno!B:C,2,0)/Aluno!$G$2<=D$6),VLOOKUP($A14,Aluno!B:C,2,0),NA()) -> #N/A | E14: =IF(VLOOKUP($A14,Aluno!B:C,2,0)/Aluno!$G$2>D$6,VLOOKUP($A14,Aluno!B:C,2,0),NA()) -> #N/A

Sheet Aluno
F2: Meta | G2: 10000
B4: Funcionário | C4: Vendas | F4: 0.25 | G4: 0.5 | H4: 0.75 | I4: 1
B5: Allan | C5: 7000 | F5: Ruim | G5: Médio | H5: Bom | I5: Ótimo
B6: Rafael | C6: 6000
B7: Nicole | C7: 9000
B8: Rosiane | C8: 5500
B9: Roberto | C9: 6100
B10: Simone | C10: 3000
B11: Alessandra | C11: 2500
