Workbook
Name SegmentaçãodeDados_Loja: #N/A
Name SegmentaçãodeDados_Produto: #N/A
Name SegmentaçãodeDados_Sexo: #N/A
Name SegmentaçãodeDados_Vendedor: #N/A

Sheet Dash Funcionarios
E2: DASHBOARD TOTAL VENDAS POR VENDEDOR
M7: Meta Vendas 2.000
M16: Produto | N16: Total
M17: {=IFERROR(INDEX(PivotTable!$A$4:$E$100,SMALL(IF(PivotTable!$A$4:$A$100=PivotTable!$B$1,ROW(PivotTable!$A$4:$A$100)-3),ROW(A1)),2),"")} | N17: {=IFERROR(INDEX(PivotTable!$A$4:$E$100,SMALL(IF(PivotTable!$A$4:$A$100=PivotTable!$B$1,ROW(PivotTable!$A$4:$A$100)-3),ROW(B1)),5),"")}
M18: {=IFERROR(INDEX(PivotTable!$A$4:$E$100,SMALL(IF(PivotTable!$A$4:$A$100=PivotTable!$B$1,ROW(PivotTable!$A$4:$A$100)-3),ROW(A2)),2),"")} | N18: {=IFERROR(INDEX(PivotTable!$A$4:$E$100,SMALL(IF(PivotTable!$A$4:$A$100=PivotTable!$B$1,ROW(PivotTable!$A$4:$A$100)-3),ROW(B2)),5),"")}
M19: {=IFERROR(INDEX(PivotTable!$A$4:$E$100,SMALL(IF(PivotTable!$A$4:$A$100=PivotTable!$B$1,ROW(PivotTable!$A$4:$A$100)-3),ROW(A3)),2),"")} | N19: {=IFERROR(INDEX(PivotTable!$A$4:$E$100,SMALL(IF(PivotTable!$A$4:$A$100=PivotTable!$B$1,ROW(PivotTable!$A$4:$A$100)-3),ROW(B3)),5),"")}
M20: {=IFERROR(INDEX(PivotTable!$A$4:$E$100,SMALL(IF(PivotTable!$A$4:$A$100=PivotTable!$B$1,ROW(PivotTable!$A$4:$A$100)-3),ROW(A4)),2),"")} | N20: {=IFERROR(INDEX(PivotTable!$A$4:$E$100,SMALL(IF(PivotTable!$A$4:$A$100=PivotTable!$B$1,ROW(PivotTable!$A$4:$A$100)-3),ROW(B4)),5),"")}
M21: {=IFERROR(INDEX(PivotTable!$A$4:$E$100,SMALL(IF(PivotTable!$A$4:$A$100=PivotTable!$B$1,ROW(PivotTable!$A$4:$A$100)-3),ROW(A5)),2),"")} | N21: {=IFERROR(INDEX(PivotTable!$A$4:$E$100,SMALL(IF(PivotTable!$A$4:$A$100=PivotTable!$B$1,ROW(PivotTable!$A$4:$A$100)-3),ROW(B5)),5),"")}
M22: {=IFERROR(INDEX(PivotTable!$A$4:$E$100,SMALL(IF(PivotTable!$A$4:$A$100=PivotTable!$B$1,ROW(PivotTable!$A$4:$A$100)-3),ROW(A6)),2),"")} | N22: {=IFERROR(INDEX(PivotTable!$A$4:$E$100,SMALL(IF(PivotTable!$A$4:$A$100=PivotTable!$B$1,ROW(PivotTable!$A$4:$A$100)-3),ROW(B6)),5),"")}
M23: {=IFERROR(INDEX(PivotTable!$A$4:$E$100,SMALL(IF(PivotTable!$A$4:$A$100=PivotTable!$B$1,ROW(PivotTable!$A$4:$A$100)-3),ROW(A7)),2),"")} | N23: {=IFERROR(INDEX(PivotTable!$A$4:$E$100,SMALL(IF(PivotTable!$A$4:$A$100=PivotTable!$B$1,ROW(PivotTable!$A$4:$A$100)-3),ROW(B7)),5),"")}
M24: {=IFERROR(INDEX(PivotTable!$A$4:$E$100,SMALL(IF(PivotTable!$A$4:$A$100=PivotTable!$B$1,ROW(PivotTable!$A$4:$A$100)-3),ROW(A8)),2),"")} | N24: {=IFERROR(INDEX(PivotTable!$A$4:$E$100,SMALL(IF(PivotTable!$A$4:$A$100=PivotTable!$B$1,ROW(PivotTable!$A$4:$A$100)-3),ROW(B8)),5),"")}
M25: {=IFERROR(INDEX(PivotTable!$A$4:$E$100,SMALL(IF(PivotTable!$A$4:$A$100=PivotTable!$B$1,ROW(PivotTable!$A$4:$A$100)-3),ROW(A9)),2),"")} | N25: {=IFERROR(INDEX(PivotTable!$A$4:$E$100,SMALL(IF(PivotTable!$A$4:$A$100=PivotTable!$B$1,ROW(PivotTable!$A$4:$A$100)-3),ROW(B9)),5),"")}
M26: {=IFERROR(INDEX(PivotTable!$A$4:$E$100,SMALL(IF(PivotTable!$A$4:$A$100=PivotTable!$B$1,ROW(PivotTable!$A$4:$A$100)-3),ROW(A10)),2),"")} | N26: {=IFERROR(INDEX(PivotTable!$A$4:$E$100,SMALL(IF(PivotTable!$A$4:$A$100=PivotTable!$B$1,ROW(PivotTable!$A$4:$A$100)-3),ROW(B10)),5),"")}
M27: {=IFERROR(INDEX(PivotTable!$A$4:$E$100,SMALL(IF(PivotTable!$A$4:$A$100=PivotTable!$B$1,ROW(PivotTable!$A$4:$A$100)-3),ROW(A11)),2),"")} | N27: {=IFERROR(INDEX(PivotTable!$A$4:$E$100,SMALL(IF(PivotTable!$A$4:$A$100=PivotTable!$B$1,ROW(PivotTable!$A$4:$A$100)-3),ROW(B11)),5),"")}

Sheet Dash Escritorio
F3: =SUMIF('Tabela Dinamica Dados Vendedor'!C:C,"Feminino",'Tabela Dinamica Dados Vendedor'!E:E) -> 1691.22 | J3: =SUMIF('Tabela Dinamica Dados Vendedor'!C:C,"Masculino",'Tabela Dinamica Dados Vendedor'!E:E) -> 2331.74
O4: Vendedor | P4: Qtd | Q4: Total
O5: {=IFERROR(INDEX('Tabela Dinamica Dados Vendedor'!$A$5:$E$100,SMALL(IF('Tabela Dinamica Dados Vendedor'!$A$5:$A$100='Tabela Dinamica Dados Vendedor'!$B$2,ROW('Tabela Dinamica Dados Vendedor'!$A$5:$A$100)-4),ROW(A1)),2),"")} -> Aline Rosa | P5: {=IFERROR(INDEX('Tabela Dinamica Dados Vendedor'!$A$5:$E$100,SMALL(IF('Tabela Dinamica Dados Vendedor'!$A$5:$A$100='Tabela Dinamica Dados Vendedor'!$B$2,ROW('Tabela Dinamica Dados Vendedor'!$A$5:$A$100)-4),ROW(B1)),4),"")} -> 7 | Q5: {=IFERROR(INDEX('Tabela Dinamica Dados Vendedor'!$A$5:$E$100,SMALL(IF('Tabela Dinamica Dados Vendedor'!$A$5:$A$100='Tabela Dinamica Dados Vendedor'!$B$2,ROW('Tabela Dinamica Dados Vendedor'!$A$5:$A$100)-4),ROW(C1)),5),"")} -> 1691.22
O6: {=IFERROR(INDEX('Tabela Dinamica Dados Vendedor'!$A$5:$E$100,SMALL(IF('Tabela Dinamica Dados Vendedor'!$A$5:$A$100='Tabela Dinamica Dados Vendedor'!$B$2,ROW('Tabela Dinamica Dados Vendedor'!$A$5:$A$100)-4),ROW(A2)),2),"")} -> Nicolas Pereira | P6: {=IFERROR(INDEX('Tabela Dinamica Dados Vendedor'!$A$5:$E$100,SMALL(IF('Tabela Dinamica Dados Vendedor'!$A$5:$A$100='Tabela Dinamica Dados Vendedor'!$B$2,ROW('Tabela Dinamica Dados Vendedor'!$A$5:$A$100)-4),ROW(B2)),4),"")} -> 16 | Q6: {=IFERROR(INDEX('Tabela Dinamica Dados Vendedor'!$A$5:$E$100,SMALL(IF('Tabela Dinamica Dados Vendedor'!$A$5:$A$100='Tabela Dinamica Dados Vendedor'!$B$2,ROW('Tabela Dinamica Dados Vendedor'!$A$5:$A$100)-4),ROW(C2)),5),"")} -> 2331.74
O7: {=IFERROR(INDEX('Tabela Dinamica Dados Vendedor'!$A$5:$E$100,SMALL(IF('Tabela Dinamica Dados Vendedor'!$A$5:$A$100='Tabela Dinamica Dados Vendedor'!$B$2,ROW('Tabela Dinamica Dados Vendedor'!$A$5:$A$100)-4),ROW(A3)),2),"")} | P7: {=IFERROR(INDEX('Tabela Dinamica Dados Vendedor'!$A$5:$E$100,SMALL(IF('Tabela Dinamica Dados Vendedor'!$A$5:$A$100='Tabela Dinamica Dados Vendedor'!$B$2,ROW('Tabela Dinamica Dados Vendedor'!$A$5:$A$100)-4),ROW(B3)),4),"")} | Q7: {=IFERROR(INDEX('Tabela Dinamica Dados Vendedor'!$A$5:$E$100,SMALL(IF('Tabela Dinamica Dados Vendedor'!$A$5:$A$100='Tabela Dinamica Dados Vendedor'!$B$2,ROW('Tabela Dinamica Dados Vendedor'!$A$5:$A$100)-4),ROW(C3)),5),"")}
O8: {=IFERROR(INDEX('Tabela Dinamica Dados Vendedor'!$A$5:$E$100,SMALL(IF('Tabela Dinamica Dados Vendedor'!$A$5:$A$100='Tabela Dinamica Dados Vendedor'!$B$2,ROW('Tabela Dinamica Dados Vendedor'!$A$5:$A$100)-4),ROW(A4)),2),"")} | P8: {=IFERROR(INDEX('Tabela Dinamica Dados Vendedor'!$A$5:$E$100,SMALL(IF('Tabela Dinamica Dados Vendedor'!$A$5:$A$100='Tabela Dinamica Dados Vendedor'!$B$2,ROW('Tabela Dinamica Dados Vendedor'!$A$5:$A$100)-4),ROW(B4)),4),"")} | Q8: {=IFERROR(INDEX('Tabela Dinamica Dados Vendedor'!$A$5:$E$100,SMALL(IF('Tabela Dinamica Dados Vendedor'!$A$5:$A$100='Tabela Dinamica Dados Vendedor'!$B$2,ROW('Tabela Dinamica Dados Vendedor'!$A$5:$A$100)-4),ROW(C4)),5),"")}
O9: {=IFERROR(INDEX('Tabela Dinamica Dados Vendedor'!$A$5:$E$100,SMALL(IF('Tabela Dinamica Dados Vendedor'!$A$5:$A$100='Tabela Dinamica Dados Vendedor'!$B$2,ROW('Tabela Dinamica Dados Vendedor'!$A$5:$A$100)-4),ROW(A5)),2),"")} | P9: {=IFERROR(INDEX('Tabela Dinamica Dados Vendedor'!$A$5:$E$100,SMALL(IF('Tabela Dinamica Dados Vendedor'!$A$5:$A$100='Tabela Dinamica Dados Vendedor'!$B$2,ROW('Tabela Dinamica Dados Vendedor'!$A$5:$A$100)-4),ROW(B5)),4),"")} | Q9: {=IFERROR(INDEX('Tabela Dinamica Dados Vendedor'!$A$5:$E$100,SMALL(IF('Tabela Dinamica Dados Vendedor'!$A$5:$A$100='Tabela Dinamica Dados Vendedor'!$B$2,ROW('Tabela Dinamica Dados Vendedor'!$A$5:$A$100)-4),ROW(C5)),5),"")}
O10: {=IFERROR(INDEX('Tabela Dinamica Dados Vendedor'!$A$5:$E$100,SMALL(IF('Tabela Dinamica Dados Vendedor'!$A$5:$A$100='Tabela Dinamica Dados Vendedor'!$B$2,ROW('Tabela Dinamica Dados Vendedor'!$A$5:$A$100)-4),ROW(A6)),2),"")} | P10: {=IFERROR(INDEX('Tabela Dinamica Dados Vendedor'!$A$5:$E$100,SMALL(IF('Tabela Dinamica Dados Vendedor'!$A$5:$A$100='Tabela Dinamica Dados Vendedor'!$B$2,ROW('Tabela Dinamica Dados Vendedor'!$A$5:$A$100)-4),ROW(B6)),4),"")} | Q10: {=IFERROR(INDEX('Tabela Dinamica Dados Vendedor'!$A$5:$E$100,SMALL(IF('Tabela Dinamica Dados Vendedor'!$A$5:$A$100='Tabela Dinamica Dados Vendedor'!$B$2,ROW('Tabela Dinamica Dados Vendedor'!$A$5:$A$100)-4),ROW(C6)),5),"")}
O11: {=IFERROR(INDEX('Tabela Dinamica Dados Vendedor'!$A$5:$E$100,SMALL(IF('Tabela Dinamica Dados Vendedor'!$A$5:$A$100='Tabela Dinamica Dados Vendedor'!$B$2,ROW('Tabela Dinamica Dados Vendedor'!$A$5:$A$100)-4),ROW(A7)),2),"")} | P11: {=IFERROR(INDEX('Tabela Dinamica Dados Vendedor'!$A$5:$E$100,SMALL(IF('Tabela Dinamica Dados Vendedor'!$A$5:$A$100='Tabela Dinamica Dados Vendedor'!$B$2,ROW('Tabela Dinamica Dados Vendedor'!$A$5:$A$100)-4),ROW(B7)),4),"")} | Q11: {=IFERROR(INDEX('Tabela Dinamica Dados Vendedor'!$A$5:$E$100,SMALL(IF('Tabela Dinamica Dados Vendedor'!$A$5:$A$100='Tabela Dinamica Dados Vendedor'!$B$2,ROW('Tabela Dinamica Dados Vendedor'!$A$5:$A$100)-4),ROW(C7)),5),"")}
O12: {=IFERROR(INDEX('Tabela Dinamica Dados Vendedor'!$A$5:$E$100,SMALL(IF('Tabela Dinamica Dados Vendedor'!$A$5:$A$100='Tabela Dinamica Dados Vendedor'!$B$2,ROW('Tabela Dinamica Dados Vendedor'!$A$5:$A$100)-4),ROW(A8)),2),"")} | P12: {=IFERROR(INDEX('Tabela Dinamica Dados Vendedor'!$A$5:$E$100,SMALL(IF('Tabela Dinamica Dados Vendedor'!$A$5:$A$100='Tabela Dinamica Dados Vendedor'!$B$2,ROW('Tabela Dinamica Dados Vendedor'!$A$5:$A$100)-4),ROW(B8)),4),"")} | Q12: {=IFERROR(INDEX('Tabela Dinamica Dados Vendedor'!$A$5:$E$100,SMALL(IF('Tabela Dinamica Dados Vendedor'!$A$5:$A$100='Tabela Dinamica Dados Vendedor'!$B$2,ROW('Tabela Dinamica Dados Vendedor'!$A$5:$A$100)-4),ROW(C8)),5),"")}
O13: {=IFERROR(INDEX('Tabela Dinamica Dados Vendedor'!$A$5:$E$100,SMALL(IF('Tabela Dinamica Dados Vendedor'!$A$5:$A$100='Tabela Dinamica Dados Vendedor'!$B$2,ROW('Tabela Dinamica Dados Vendedor'!$A$5:$A$100)-4),ROW(A9)),2),"")} | P13: {=IFERROR(INDEX('Tabela Dinamica Dados Vendedor'!$A$5:$E$100,SMALL(IF('Tabela Dinamica Dados Vendedor'!$A$5:$A$100='Tabela Dinamica Dados Vendedor'!$B$2,ROW('Tabela Dinamica Dados Vendedor'!$A$5:$A$100)-4),ROW(B9)),4),"")} | Q13: {=IFERROR(INDEX('Tabela Dinamica Dados Vendedor'!$A$5:$E$100,SMALL(IF('Tabela Dinamica Dados Vendedor'!$A$5:$A$100='Tabela Dinamica Dados Vendedor'!$B$2,ROW('Tabela Dinamica Dados Vendedor'!$A$5:$A$100)-4),ROW(C9)),5),"")}
O14: {=IFERROR(INDEX('Tabela Dinamica Dados Vendedor'!$A$5:$E$100,SMALL(IF('Tabela Dinamica Dados Vendedor'!$A$5:$A$100='Tabela Dinamica Dados Vendedor'!$B$2,ROW('Tabela Dinamica Dados Vendedor'!$A$5:$A$100)-4),ROW(A10)),2),"")} | P14: {=IFERROR(INDEX('Tabela Dinamica Dados Vendedor'!$A$5:$E$100,SMALL(IF('Tabela Dinamica Dados Vendedor'!$A$5:$A$100='Tabela Dinamica Dados Vendedor'!$B$2,ROW('Tabela Dinamica Dados Vendedor'!$A$5:$A$100)-4),ROW(B10)),4),"")} | Q14: {=IFERROR(INDEX('Tabela Dinamica Dados Vendedor'!$A$5:$E$100,SMALL(IF('Tabela Dinamica Dados Vendedor'!$A$5:$A$100='Tabela Dinamica Dados Vendedor'!$B$2,ROW('Tabela Dinamica Dados Vendedor'!$A$5:$A$100)-4),ROW(C10)),5),"")}
O15: {=IFERROR(INDEX('Tabela Dinamica Dados Vendedor'!$A$5:$E$100,SMALL(IF('Tabela Dinamica Dados Vendedor'!$A$5:$A$100='Tabela Dinamica Dados Vendedor'!$B$2,ROW('Tabela Dinamica Dados Vendedor'!$A$5:$A$100)-4),ROW(A11)),2),"")} | P15: {=IFERROR(INDEX('Tabela Dinamica Dados Vendedor'!$A$5:$E$100,SMALL(IF('Tabela Dinamica Dados Vendedor'!$A$5:$A$100='Tabela Dinamica Dados Vendedor'!$B$2,ROW('Tabela Dinamica Dados Vendedor'!$A$5:$A$100)-4),ROW(B11)),4),"")} | Q15: {=IFERROR(INDEX('Tabela Dinamica Dados Vendedor'!$A$5:$E$100,SMALL(IF('Tabela Dinamica Dados Vendedor'!$A$5:$A$100='Tabela Dinamica Dados Vendedor'!$B$2,ROW('Tabela Dinamica Dados Vendedor'!$A$5:$A$100)-4),ROW(C11)),5),"")}
O16: {=IFERROR(INDEX('Tabela Dinamica Dados Vendedor'!$A$5:$E$100,SMALL(IF('Tabela Dinamica Dados Vendedor'!$A$5:$A$100='Tabela Dinamica Dados Vendedor'!$B$2,ROW('Tabela Dinamica Dados Vendedor'!$A$5:$A$100)-4),ROW(A12)),2),"")} | P16: {=IFERROR(INDEX('Tabela Dinamica Dados Vendedor'!$A$5:$E$100,SMALL(IF('Tabela Dinamica Dados Vendedor'!$A$5:$A$100='Tabela Dinamica Dados Vendedor'!$B$2,ROW('Tabela Dinamica Dados Vendedor'!$A$5:$A$100)-4),ROW(B12)),4),"")} | Q16: {=IFERROR(INDEX('Tabela Dinamica Dados Vendedor'!$A$5:$E$100,SMALL(IF('Tabela Dinamica Dados Vendedor'!$A$5:$A$100='Tabela Dinamica Dados Vendedor'!$B$2,ROW('Tabela Dinamica Dados Vendedor'!$A$5:$A$100)-4),ROW(C12)),5),"")}
O18: Total | P18: =SUM(P5:P16) -> 23 | Q18: =SUM(Q5:Q16) -> 4022.96

Sheet Tabela Dinamica Dados Vendedor
A2: Loja | B2: Rio de Janeiro
A4: Loja2 | B4: Vendedor | C4: Sexo | D4: Soma de Quantidade | E4: Soma de Vendas | L4: Rótulos de Linha | M4: Soma de Vendas
A5: Rio de Janeiro | B5: Aline Rosa | C5: Feminino | D5: 7 | E5: 1691.22 | L5: Aline Rosa | M5: 1691.22
A6: Rio de Janeiro | B6: Nicolas Pereira | C6: Masculino | D6: 16 | E6: 2331.74 | L6: Nicolas Pereira | M6: 2331.74
A7: Total Geral | D7: 23 | E7: 4022.96 | L7: Total Geral | M7: 4022.96

Sheet Grafico Masculino Feminino
A1: Vendas Femininas | B1: Atual | C1: Total
A2: Vendas | B2: =SUMIF('Tabela Dinamica Dados Vendedor'!C:C,"Feminino",'Tabela Dinamica Dados Vendedor'!E:E)/D2 -> 0.42039195 | C2: 1 | D2: =SUM('Tabela Dinamica Dados Vendedor'!E:E)/2 -> 4022.96
A5: Vendas Masculinas | B5: Atual | C5: Total
A6: Vendas | B6: =SUMIF('Tabela Dinamica Dados Vendedor'!C:C,"Masculino",'Tabela Dinamica Dados Vendedor'!E:E)/D2 -> 0.57960805 | C6: 1
D7: Total | E7: =SUM('Dados Vendedor'!F:F) -> 12034.93

Sheet Waffle
A1: ='Grafico Velociometro'!D10 -> 6.017465
C4: =C5+10/100 -> 0.91 | D4: =D5+10/100 -> 0.92 | E4: =E5+10/100 -> 0.93 | F4: =F5+10/100 -> 0.94 | G4: =G5+10/100 -> 0.95 | H4: =H5+10/100 -> 0.96 | I4: =I5+10/100 -> 0.97 | J4: =J5+10/100 -> 0.98 | ... L4: =L5+10/100 -> 1
C5: =C6+10/100 -> 0.81 | D5: =D6+10/100 -> 0.82 | E5: =E6+10/100 -> 0.83 | F5: =F6+10/100 -> 0.84 | G5: =G6+10/100 -> 0.85 | H5: =H6+10/100 -> 0.86 | I5: =I6+10/100 -> 0.87 | J5: =J6+10/100 -> 0.88 | ... L5: =L6+10/100 -> 0.9
C6: =C7+10/100 -> 0.71 | D6: =D7+10/100 -> 0.72 | E6: =E7+10/100 -> 0.73 | F6: =F7+10/100 -> 0.74 | G6: =G7+10/100 -> 0.75 | H6: =H7+10/100 -> 0.76 | I6: =I7+10/100 -> 0.77 | J6: =J7+10/100 -> 0.78 | ... L6: =L7+10/100 -> 0.8
C7: =C8+10/100 -> 0.61 | D7: =D8+10/100 -> 0.62 | E7: =E8+10/100 -> 0.63 | F7: =F8+10/100 -> 0.64 | G7: =G8+10/100 -> 0.65 | H7: =H8+10/100 -> 0.66 | I7: =I8+10/100 -> 0.67 | J7: =J8+10/100 -> 0.68 | ... L7: =L8+10/100 -> 0.7
C8: =C9+10/100 -> 0.51 | D8: =D9+10/100 -> 0.52 | E8: =E9+10/100 -> 0.53 | F8: =F9+10/100 -> 0.54 | G8: =G9+10/100 -> 0.55 | H8: =H9+10/100 -> 0.56 | I8: =I9+10/100 -> 0.57 | J8: =J9+10/100 -> 0.58 | ... L8: =L9+10/100 -> 0.6
C9: =C10+10/100 -> 0.41 | D9: =D10+10/100 -> 0.42 | E9: =E10+10/100 -> 0.43 | F9: =F10+10/100 -> 0.44 | G9: =G10+10/100 -> 0.45 | H9: =H10+10/100 -> 0.46 | I9: =I10+10/100 -> 0.47 | J9: =J10+10/100 -> 0.48 | ... L9: =L10+10/100 -> 0.5
C10: =C11+10/100 -> 0.31 | D10: =D11+10/100 -> 0.32 | E10: =E11+10/100 -> 0.33 | F10: =F11+10/100 -> 0.34 | G10: =G11+10/100 -> 0.35 | H10: =H11+10/100 -> 0.36 | I10: =I11+10/100 -> 0.37 | J10: =J11+10/100 -> 0.38 | ... L10: =L11+10/100 -> 0.4
C11: =C12+10/100 -> 0.21 | D11: =D12+10/100 -> 0.22 | E11: =E12+10/100 -> 0.23 | F11: =F12+10/100 -> 0.24 | G11: =G12+10/100 -> 0.25 | H11: =H12+10/100 -> 0.26 | I11: =I12+10/100 -> 0.27 | J11: =J12+10/100 -> 0.28 | ... L11: =L12+10/100 -> 0.3
C12: =C13+10/100 -> 0.11 | D12: =D13+10/100 -> 0.12 | E12: =E13+10/100 -> 0.13 | F12: =F13+10/100 -> 0.14 | G12: =G13+10/100 -> 0.15 | H12: =H13+10/100 -> 0.16 | I12: =I13+10/100 -> 0.17 | J12: =J13+10/100 -> 0.18 | ... L12: =L13+10/100 -> 0.2
C13: 0.01 | D13: =C13+1/100 -> 0.02 | E13: =D13+1/100 -> 0.03 | F13: =E13+1/100 -> 0.04 | G13: =F13+1/100 -> 0.05 | H13: =G13+1/100 -> 0.06 | I13: =H13+1/100 -> 0.07 | J13: =I13+1/100 -> 0.08 | K13: =J13+1/100 -> 0.09 | L13: =K13+1/100 -> 0.1

Sheet Grafico Velociometro
A1: Marcador
A2: Ruim | B2: =$B$6/4 -> 500
A3: Regular | B3: =$B$6/4 -> 500
A4: Bom | B4: =$B$6/4 -> 500
A5: Ótimo | B5: =$B$6/4 -> 500
A6: META | B6: 2000
A9: Ponteiro | D9: Meta Atingida
A10: Valor da Ponta Ponteiro | B10: =SUM(PivotTable!E:E)/2 -> 12034.93 | D10: =B10/B6 -> 6.017465
A11: Tamanho Ponteiro | B11: 45
A12: Complemento | B12: =B6*2-(B10+B11) -> -8079.93 | D12: Quantidade Vendida
D13: =SUM(PivotTable!C:C)/2 -> 104

Sheet Dados Vendedor
A1: Loja | B1: Loja2 | C1: Vendedor | D1: Sexo | E1: Quantidade | F1: Vendas
A2: Santa Catarina | B2: Santa Catarina | C2: Amanda Martins | D2: Feminino | E2: 16 | F2: 1956.14
A3: São Paulo | B3: São Paulo | C3: Angela Maria | D3: Feminino | E3: 8 | F3: 559.35
A4: São Paulo | B4: São Paulo | C4: Carlos Moreira | D4: Masculino | E4: 6 | F4: 969.99
A5: Santa Catarina | B5: Santa Catarina | C5: Eliane Moreira | D5: Feminino | E5: 18 | F5: 1754.24
A6: Rio de Janeiro | B6: Rio de Janeiro | C6: Aline Rosa | D6: Feminino | E6: 7 | F6: 1691.22
A7: Santa Catarina | B7: Santa Catarina | C7: Leonardo Almeida | D7: Masculino | E7: 12 | F7: 1817.51
A8: Rio de Janeiro | B8: Rio de Janeiro | C8: Nicolas Pereira | D8: Masculino | E8: 16 | F8: 2331.74
A9: São Paulo | B9: São Paulo | C9: Paulo Santos | D9: Masculino | E9: 20 | F9: 954.74

Sheet PivotTable
A1: Vendedor | B1: (Tudo)
A3: Vendedor2 | B3: Produto | C3: Soma de Unidades Vendidas | D3: Soma de Valor Unitário | E3: Soma de Total | J3: Rótulos de Linha | K3: Soma de Total
A4: Aline Rosa | B4: Bermuda Masculino | C4: 2 | D4: 148.56 | E4: 297.12 | J4: Bermuda Masculino | K4: 2525.52
A5: Aline Rosa | B5: Bota Masculina | C5: 5 | D5: 448.28 | E5: 1120.7 | J5: Bolsa de Trabalho | K5: 746.19
A6: Aline Rosa | B6: Camisa Masculina | C6: 1 | D6: 153.4 | E6: 153.4 | J6: Boné | K6: 120
A7: Aline Rosa | B7: Chinelo | C7: 3 | D7: 40 | E7: 120 | J7: Bota Masculina | K7: 1120.7
A8: Amanda Martins | B8: Bermuda Masculino | C8: 9 | D8: 148.56 | E8: 1337.04 | J8: Calça Bailarina | K8: 140.7
A9: Amanda Martins | B9: Sapatilha Sapato | C9: 2 | D9: 55.9 | E9: 111.8 | J9: Calça Feminina Jogger | K9: 419.94
A10: Amanda Martins | B10: Sapato Social | C10: 4 | D10: 81.9 | E10: 327.6 | J10: Camisa Masculina | K10: 767
A11: Amanda Martins | B11: Vestido Infantil | C11: 3 | D11: 119.8 | E11: 179.7 | J11: Camisa Masculina Festa Balada | K11: 292.28
A12: Angela Maria | B12: Kit de Pinceis de Maquiagem | C12: 3 | D12: 116.52 | E12: 349.56 | J12: Camisa Térmica | K12: 251.4
A13: Angela Maria | B13: Tênis Feminino | C13: 1 | D13: 89.99 | E13: 89.99 | J13: Chinelo | K13: 120
A14: Angela Maria | B14: Vestido Infantil | C14: 2 | D14: 59.9 | E14: 119.8 | J14: Colar Pingente | K14: 89.9
A15: Carlos Moreira | B15: Boné | C15: 3 | D15: 40 | E15: 120 | J15: Jaqueta Masculina Preta | K15: 1354.5
... A22: Eliane Moreira | B22: Camisa Térmica | C22: 4 | D22: 41.9 | E22: 167.6 | J22: Total Geral | K22: 12034.93
A23: Eliane Moreira | B23: Colar Pingente | C23: 1 | D23: 89.9 | E23: 89.9
A24: Leonardo Almeida | B24: Calça Bailarina | C24: 1 | D24: 46.9 | E24: 46.9
A25: Leonardo Almeida | B25: Camisa Masculina Festa Balada | C25: 1 | D25: 146.14 | E25: 146.14
A26: Leonardo Almeida | B26: Jaqueta Masculina Preta | C26: 9 | D26: 301 | E26: 1354.5
A27: Leonardo Almeida | B27: Tênis Feminino | C27: 3 | D27: 89.99 | E27: 269.97
A28: Nicolas Pereira | B28: Bermuda Masculino | C28: 6 | D28: 148.56 | E28: 891.36
A29: Nicolas Pereira | B29: Camisa Masculina | C29: 1 | D29: 153.4 | E29: 153.4
A30: Nicolas Pereira | B30: Camisa Térmica | C30: 2 | D30: 41.9 | E30: 83.8
A31: Nicolas Pereira | B31: Kit de Pinceis de Maquiagem | C31: 4 | D31: 233.04 | E31: 466.08
A32: Nicolas Pereira | B32: Sapato Social | C32: 9 | D32: 81.9 | E32: 737.1
A33: Paulo Santos | B33: Camisa Masculina | C33: 1 | D33: 153.4 | E33: 153.4
A34: Paulo Santos | B34: Camisa Masculina Festa Balada | C34: 1 | D34: 146.14 | E34: 146.14
A35: Paulo Santos | B35: Sapato Social | C35: 8 | D35: 81.9 | E35: 655.2
A36: Total Geral | C36: 104 | D36: 4486.62 | E36: 12034.93

Sheet Vendas
A1: Vendedor | B1: Vendedor2 | C1: Produto | D1: Valor Unitário | E1: Unidades Vendidas | F1: Total
A2: Leonardo Almeida | B2: Leonardo Almeida | C2: Tênis Feminino | D2: 89.99 | E2: 3 | F2: 269.97
A3: Eliane Moreira | B3: Eliane Moreira | C3: Calça Feminina Jogger | D3: 69.99 | E3: 5 | F3: 349.95
A4: Nicolas Pereira | B4: Nicolas Pereira | C4: Camisa Masculina | D4: 153.4 | E4: 1 | F4: 153.4
A5: Amanda Martins | B5: Amanda Martins | C5: Bermuda Masculino | D5: 148.56 | E5: 9 | F5: 1337.04
A6: Paulo Santos | B6: Paulo Santos | C6: Camisa Masculina Festa Balada | D6: 146.14 | E6: 1 | F6: 146.14
A7: Aline Rosa | B7: Aline Rosa | C7: Bota Masculina | D7: 224.14 | E7: 4 | F7: 896.56
A8: Leonardo Almeida | B8: Leonardo Almeida | C8: Jaqueta Masculina Preta | D8: 150.5 | E8: 4 | F8: 602
A9: Eliane Moreira | B9: Eliane Moreira | C9: Bolsa de Trabalho | D9: 248.73 | E9: 1 | F9: 248.73
A10: Nicolas Pereira | B10: Nicolas Pereira | C10: Kit de Pinceis de Maquiagem | D10: 116.52 | E10: 1 | F10: 116.52
A11: Amanda Martins | B11: Amanda Martins | C11: Vestido Infantil | D11: 59.9 | E11: 1 | F11: 59.9
A12: Leonardo Almeida | B12: Leonardo Almeida | C12: Calça Bailarina | D12: 46.9 | E12: 1 | F12: 46.9
A13: Eliane Moreira | B13: Eliane Moreira | C13: Camisa Térmica | D13: 41.9 | E13: 4 | F13: 167.6
... A38: Paulo Santos | B38: Paulo Santos | C38: Camisa Masculina | D38: 153.4 | E38: 1 | F38: 153.4

Sheet Imagens
