Workbook
Name Bermuda_Masculino: 'Imagens Produtos'!$C$2
Name Bolsa_de_Trabalho: 'Imagens Produtos'!$C$3
Name Boné: 'Imagens Produtos'!$C$4
Name Bota_Masculina: 'Imagens Produtos'!$C$5
Name Bulma: Personagens!$B$2
Name Calça_Bailarina: 'Imagens Produtos'!$C$6
Name Calça_Feminina_Jogger: 'Imagens Produtos'!$C$7
Name Camisa_Masculina: 'Imagens Produtos'!$C$8
Name Camisa_Masculina_Festa_Balada: 'Imagens Produtos'!$C$9
Name Camisa_Térmica: 'Imagens Produtos'!$C$9
Name Chinelo: 'Imagens Produtos'!$C$11
Name Colar_Pingente: 'Imagens Produtos'!$C$12
Name Gohan: Personagens!$B$3
Name Goku: Personagens!$B$4
Name Jaqueta_Masculina_Preta: 'Imagens Produtos'!$C$13
Name Kit_de_Pinceis_de_Maquiagem: 'Imagens Produtos'!$C$14
Name Kuririn: Personagens!$B$5
Name Piccolo: Personagens!$B$6
Name Produto1: INDIRECT(Resumo!$E$8)
Name Produto2: INDIRECT(Resumo!$E$9)
Name Produto3: INDIRECT(Resumo!$E$10)
Name Produto4: INDIRECT(Resumo!$E$11)
Name Produto5: INDIRECT(Resumo!$E$12)
Name Produto6: INDIRECT(Resumo!$E$13)
Name Produto7: INDIRECT(Resumo!$E$14)
Name Produto8: INDIRECT(Resumo!#REF!)
Name Produto9: INDIRECT(Resumo!#REF!)
Name Rank1: INDIRECT('Tabela Dinamica'!$A$4)
Name Rank2: INDIRECT('Tabela Dinamica'!$A$5)
Name Rank3: INDIRECT('Tabela Dinamica'!$A$6)
Name Rank4: INDIRECT('Tabela Dinamica'!$A$7)
Name Rank5: INDIRECT('Tabela Dinamica'!$A$8)
Name Rank6: INDIRECT('Tabela Dinamica'!$A$9)
Name Rank7: INDIRECT('Tabela Dinamica'!$A$10)
Name Rank8: INDIRECT('Tabela Dinamica'!$A$11)
Name Relógio: 'Imagens Produtos'!$C$15
Name ResumoVendedor: INDIRECT(Resumo!$F$2)
Name Sapatilha_Sapato: 'Imagens Produtos'!$C$16
Name Sapato_Social: 'Imagens Produtos'!$C$17
Name SegmentaçãodeDados_Vendedor: #N/A
Name Tênis_Feminino: 'Imagens Produtos'!$C$18
Name Tenshinhan: Personagens!$B$7
Name Vazio: 'Imagens Produtos'!$C$20
Name Vegeta: Personagens!$B$8
Name Vestido_Infantil: 'Imagens Produtos'!$C$19
Name Yamcha: Personagens!$B$9

Sheet Tabela Dinamica
E1: Vendedor | F1: Goku
A3: Rótulos de Linha | B3: Soma de Total | E3: Vendedor Repetido | F3: Produto | G3: Soma de Unidades Vendidas | H3: Soma de Total | K3: Rótulos de Linha | L3: Soma de Total
A4: Goku | B4: 7582.44 | E4: Goku | F4: Terno | G4: 2 | H4: 4200 | K4: Bermuda Masculino | L4: 594.24
A5: Vegeta | B5: 6563.34 | E5: Goku | F5: Bota Masculina | G5: 10 | H5: 2241.4 | K5: Bota Masculina | L5: 2241.4
A6: Gohan | B6: 4663.48 | E6: Goku | F6: Bermuda Masculino | G6: 4 | H6: 594.24 | K6: Camisa Masculina | L6: 306.8
A7: Tenshinhan | B7: 4096.58 | E7: Goku | F7: Camisa Masculina | G7: 2 | H7: 306.8 | K7: Chinelo | L7: 240
A8: Bulma | B8: 3912.28 | E8: Goku | F8: Chinelo | G8: 6 | H8: 240 | K8: Terno | L8: 4200
A9: Piccolo | B9: 3635.02 | E9: Total Geral | G9: 24 | H9: 7582.44 | K9: Total Geral | L9: 7582.44
A10: Kuririn | B10: 1939.98
A11: Yamcha | B11: 1118.7
A12: Total Geral | B12: 33511.82

Sheet Dados
A1: Vendedor | B1: Vendedor Repetido | C1: Produto | D1: Valor Unitário | E1: Unidades Vendidas | F1: Total
A2: Piccolo | B2: Piccolo | C2: Tênis Feminino | D2: 89.99 | E2: 3 | F2: =D2*E2 -> 269.97
A3: Tenshinhan | B3: Tenshinhan | C3: Calça Feminina Jogger | D3: 69.99 | E3: 5 | F3: =D3*E3 -> 349.95
A4: Gohan | B4: Gohan | C4: Camisa Masculina | D4: 153.4 | E4: 1 | F4: =D4*E4 -> 153.4
A5: Bulma | B5: Bulma | C5: Bermuda Masculino | D5: 148.56 | E5: 9 | F5: =D5*E5 -> 1337.04
A6: Vegeta | B6: Vegeta | C6: Camisa Masculina Festa Balada | D6: 400 | E6: 12 | F6: =D6*E6 -> 4800
A7: Goku | B7: Goku | C7: Bota Masculina | D7: 224.14 | E7: 4 | F7: =D7*E7 -> 896.56
A8: Piccolo | B8: Piccolo | C8: Jaqueta Masculina Preta | D8: 150.5 | E8: 4 | F8: =D8*E8 -> 602
A9: Tenshinhan | B9: Tenshinhan | C9: Bolsa de Trabalho | D9: 248.73 | E9: 1 | F9: =D9*E9 -> 248.73
A10: Gohan | B10: Gohan | C10: Kit de Pinceis de Maquiagem | D10: 116.52 | E10: 1 | F10: =D10*E10 -> 116.52
A11: Bulma | B11: Bulma | C11: Vestido Infantil | D11: 59.9 | E11: 1 | F11: =D11*E11 -> 59.9
A12: Piccolo | B12: Piccolo | C12: Calça Bailarina | D12: 46.9 | E12: 1 | F12: =D12*E12 -> 46.9
A13: Tenshinhan | B13: Tenshinhan | C13: Camisa Térmica | D13: 41.9 | E13: 4 | F13: =D13*E13 -> 167.6
... A76: Goku | B76: Goku | C76: Terno | D76: 2100 | E76: 2 | F76: =D76*E76 -> 4200

Sheet Imagens Produtos
A1: Produto | B1: Produto
A2: Bermuda Masculino | B2: Bermuda_Masculino
A3: Bolsa de Trabalho | B3: Bolsa_de_Trabalho
A4: Boné | B4: Boné
A5: Bota Masculina | B5: Bota_Masculina
A6: Calça Bailarina | B6: Calça_Bailarina
A7: Calça Feminina Jogger | B7: CalçaFemininaJogger
A8: Camisa Masculina | B8: Camisa_Masculina
A9: Camisa Masculina Festa Balada | B9: Camisa_Masculina_Festa_Balada
A10: Camisa Térmica | B10: Camisa_Térmica
A11: Chinelo | B11: Chinelo
A12: Colar Pingente | B12: Colar_Pingente
... A19: Vestido Infantil | B19: Vestido_Infantil
B20: Vazio

Sheet Vendedores TOP 3
C2: MEHORES VENDEDORES DO MES
A8: 01 - Vendedor TOP 3
A9: 02 - Ranking Vendas
A10: 03 - Resumo

Sheet Rank Vendas
C4: Rank Vendas por Vendedor
A8: 01 - Vendedor TOP 3 | C8: 1 | F8: ='Tabela Dinamica'!A4 -> Goku | J8: 5 | M8: ='Tabela Dinamica'!A8 -> Bulma
A9: 02 - Ranking Vendas | F9: Vendas | H9: =GETPIVOTDATA("Total",'Tabela Dinamica'!$A$3,"Vendedor Repetido","Gohan") -> 4663.48 | M9: Vendas | O9: =GETPIVOTDATA("Total",'Tabela Dinamica'!$A$3,"Vendedor Repetido","Goku") -> 7582.44
A10: 03 - Resumo | F10: Meta | H10: =H9/2000 -> 2.33174 | M10: Meta | O10: =O9/2000 -> 3.79122
C12: 2 | F12: ='Tabela Dinamica'!A5 -> Vegeta | J12: 6 | M12: ='Tabela Dinamica'!A9 -> Piccolo
F13: Vendas | H13: =GETPIVOTDATA("Total",'Tabela Dinamica'!$A$3,"Vendedor Repetido","Tenshinhan") -> 4096.58 | M13: Vendas | O13: =GETPIVOTDATA("Total",'Tabela Dinamica'!$A$3,"Vendedor Repetido","Kuririn") -> 1939.98
F14: Meta | H14: =H13/2000 -> 2.04829 | M14: Meta | O14: =O13/2000 -> 0.96999
C16: 3 | F16: ='Tabela Dinamica'!A6 -> Gohan | J16: 7 | M16: ='Tabela Dinamica'!A10 -> Kuririn
F17: Vendas | H17: =GETPIVOTDATA("Total",'Tabela Dinamica'!$A$3,"Vendedor Repetido","Bulma") -> 3912.28 | M17: Vendas | O17: =GETPIVOTDATA("Total",'Tabela Dinamica'!$A$3,"Vendedor Repetido","Vegeta") -> 6563.34
F18: Meta | H18: =H17/2000 -> 1.95614 | M18: Meta | O18: =O17/2000 -> 3.28167
C20: 4 | F20: ='Tabela Dinamica'!A7 -> Tenshinhan | J20: 8 | M20: ='Tabela Dinamica'!A11 -> Yamcha
F21: Vendas | H21: =GETPIVOTDATA("Total",'Tabela Dinamica'!$A$3,"Vendedor Repetido","Piccolo") -> 3635.02 | M21: Vendas | O21: =GETPIVOTDATA("Total",'Tabela Dinamica'!$A$3,"Vendedor Repetido","Yamcha") -> 1118.7
F22: Meta | H22: =H21/2000 -> 1.81751 | M22: Meta | O22: =O21/2000 -> 0.55935

Sheet Resumo
F2: ='Tabela Dinamica'!F1 -> Goku
A5: 01 - Vendedor TOP 3
A6: 02 - Ranking Vendas
A7: 03 - Resumo | C7: Produto | D7: Descricao | F7: Unidades Vendidas | G7: Total
D8: {=IFERROR(INDEX('Tabela Dinamica'!$E$4:$H$100,SMALL(IF('Tabela Dinamica'!$E$4:$E$100='Tabela Dinamica'!$F$1,ROW('Tabela Dinamica'!$E$4:$E$100)-3),ROW(Resumo!B1)),2),"")} -> Terno | E8: =IFERROR(VLOOKUP(D8,'Imagens Produtos'!A:B,2,0),"Vazio") -> Vazio | F8: {=IFERROR(INDEX('Tabela Dinamica'!$E$4:$H$100,SMALL(IF('Tabela Dinamica'!$E$4:$E$100='Tabela Dinamica'!$F$1,ROW('Tabela Dinamica'!$E$4:$E$100)-3),ROW(Resumo!C1)),3),"")} -> 2 | G8: {=IFERROR(INDEX('Tabela Dinamica'!$E$4:$H$100,SMALL(IF('Tabela Dinamica'!$E$4:$E$100='Tabela Dinamica'!$F$1,ROW('Tabela Dinamica'!$E$4:$E$100)-3),ROW(Resumo!D1)),4),"")} -> 4200
D9: {=IFERROR(INDEX('Tabela Dinamica'!$E$4:$H$100,SMALL(IF('Tabela Dinamica'!$E$4:$E$100='Tabela Dinamica'!$F$1,ROW('Tabela Dinamica'!$E$4:$E$100)-3),ROW(Resumo!B2)),2),"")} -> Bota Masculina | E9: =IFERROR(VLOOKUP(D9,'Imagens Produtos'!A:B,2,0),"Vazio") -> Bota_Masculina | F9: {=IFERROR(INDEX('Tabela Dinamica'!$E$4:$H$100,SMALL(IF('Tabela Dinamica'!$E$4:$E$100='Tabela Dinamica'!$F$1,ROW('Tabela Dinamica'!$E$4:$E$100)-3),ROW(Resumo!C2)),3),"")} -> 10 | G9: {=IFERROR(INDEX('Tabela Dinamica'!$E$4:$H$100,SMALL(IF('Tabela Dinamica'!$E$4:$E$100='Tabela Dinamica'!$F$1,ROW('Tabela Dinamica'!$E$4:$E$100)-3),ROW(Resumo!D2)),4),"")} -> 2241.4
D10: {=IFERROR(INDEX('Tabela Dinamica'!$E$4:$H$100,SMALL(IF('Tabela Dinamica'!$E$4:$E$100='Tabela Dinamica'!$F$1,ROW('Tabela Dinamica'!$E$4:$E$100)-3),ROW(Resumo!B3)),2),"")} -> Bermuda Masculino | E10: =IFERROR(VLOOKUP(D10,'Imagens Produtos'!A:B,2,0),"Vazio") -> Bermuda_Masculino | F10: {=IFERROR(INDEX('Tabela Dinamica'!$E$4:$H$100,SMALL(IF('Tabela Dinamica'!$E$4:$E$100='Tabela Dinamica'!$F$1,ROW('Tabela Dinamica'!$E$4:$E$100)-3),ROW(Resumo!C3)),3),"")} -> 4 | G10: {=IFERROR(INDEX('Tabela Dinamica'!$E$4:$H$100,SMALL(IF('Tabela Dinamica'!$E$4:$E$100='Tabela Dinamica'!$F$1,ROW('Tabela Dinamica'!$E$4:$E$100)-3),ROW(Resumo!D3)),4),"")} -> 594.24
D11: {=IFERROR(INDEX('Tabela Dinamica'!$E$4:$H$100,SMALL(IF('Tabela Dinamica'!$E$4:$E$100='Tabela Dinamica'!$F$1,ROW('Tabela Dinamica'!$E$4:$E$100)-3),ROW(Resumo!B4)),2),"")} -> Camisa Masculina | E11: =IFERROR(VLOOKUP(D11,'Imagens Produtos'!A:B,2,0),"Vazio") -> Camisa_Masculina | F11: {=IFERROR(INDEX('Tabela Dinamica'!$E$4:$H$100,SMALL(IF('Tabela Dinamica'!$E$4:$E$100='Tabela Dinamica'!$F$1,ROW('Tabela Dinamica'!$E$4:$E$100)-3),ROW(Resumo!C4)),3),"")} -> 2 | G11: {=IFERROR(INDEX('Tabela Dinamica'!$E$4:$H$100,SMALL(IF('Tabela Dinamica'!$E$4:$E$100='Tabela Dinamica'!$F$1,ROW('Tabela Dinamica'!$E$4:$E$100)-3),ROW(Resumo!D4)),4),"")} -> 306.8
D12: {=IFERROR(INDEX('Tabela Dinamica'!$E$4:$H$100,SMALL(IF('Tabela Dinamica'!$E$4:$E$100='Tabela Dinamica'!$F$1,ROW('Tabela Dinamica'!$E$4:$E$100)-3),ROW(Resumo!B5)),2),"")} -> Chinelo | E12: =IFERROR(VLOOKUP(D12,'Imagens Produtos'!A:B,2,0),"Vazio") -> Chinelo | F12: {=IFERROR(INDEX('Tabela Dinamica'!$E$4:$H$100,SMALL(IF('Tabela Dinamica'!$E$4:$E$100='Tabela Dinamica'!$F$1,ROW('Tabela Dinamica'!$E$4:$E$100)-3),ROW(Resumo!C5)),3),"")} -> 6 | G12: {=IFERROR(INDEX('Tabela Dinamica'!$E$4:$H$100,SMALL(IF('Tabela Dinamica'!$E$4:$E$100='Tabela Dinamica'!$F$1,ROW('Tabela Dinamica'!$E$4:$E$100)-3),ROW(Resumo!D5)),4),"")} -> 240
D13: {=IFERROR(INDEX('Tabela Dinamica'!$E$4:$H$100,SMALL(IF('Tabela Dinamica'!$E$4:$E$100='Tabela Dinamica'!$F$1,ROW('Tabela Dinamica'!$E$4:$E$100)-3),ROW(Resumo!B6)),2),"")} | E13: =IFERROR(VLOOKUP(D13,'Imagens Produtos'!A:B,2,0),"Vazio") -> Vazio | F13: {=IFERROR(INDEX('Tabela Dinamica'!$E$4:$H$100,SMALL(IF('Tabela Dinamica'!$E$4:$E$100='Tabela Dinamica'!$F$1,ROW('Tabela Dinamica'!$E$4:$E$100)-3),ROW(Resumo!C6)),3),"")} | G13: {=IFERROR(INDEX('Tabela Dinamica'!$E$4:$H$100,SMALL(IF('Tabela Dinamica'!$E$4:$E$100='Tabela Dinamica'!$F$1,ROW('Tabela Dinamica'!$E$4:$E$100)-3),ROW(Resumo!D6)),4),"")}
D14: {=IFERROR(INDEX('Tabela Dinamica'!$E$4:$H$100,SMALL(IF('Tabela Dinamica'!$E$4:$E$100='Tabela Dinamica'!$F$1,ROW('Tabela Dinamica'!$E$4:$E$100)-3),ROW(Resumo!B7)),2),"")} | E14: =IFERROR(VLOOKUP(D14,'Imagens Produtos'!A:B,2,0),"Vazio") -> Vazio | F14: {=IFERROR(INDEX('Tabela Dinamica'!$E$4:$H$100,SMALL(IF('Tabela Dinamica'!$E$4:$E$100='Tabela Dinamica'!$F$1,ROW('Tabela Dinamica'!$E$4:$E$100)-3),ROW(Resumo!C7)),3),"")} | G14: {=IFERROR(INDEX('Tabela Dinamica'!$E$4:$H$100,SMALL(IF('Tabela Dinamica'!$E$4:$E$100='Tabela Dinamica'!$F$1,ROW('Tabela Dinamica'!$E$4:$E$100)-3),ROW(Resumo!D7)),4),"")}

Sheet Personagens
A1: Vendedor
A2: Bulma
A3: Gohan
A4: Goku
A5: Kuririn
A6: Piccolo
A7: Tenshinhan
A8: Vegeta
A9: Yamcha
